PLAYER NAME,PROJECTED STROKES,ADJUSTED STROKES,DELTA
"An, Byeong Hun",68.421,68.352,-0.069
"Baddeley, Aaron",70.87,70.87,0.0
"Bezuidenhout, Christiaan",67.827,67.829,0.002
"Bhatia, Akshay",67.818,67.749,-0.069
"Blair, Zac",68.991,68.991,0.0
"Bradley, Keegan",67.455,67.459,0.004
"Bridgeman, Jacob",68.406,68.403,-0.003
"Campbell, Brian",68.842,68.842,0.0
"Campos, Rafael",70.211,70.211,0.0
"Capan III, Frankie",70.931,70.931,0.0
"Castillo, Ricky",68.761,68.761,0.0
"Cauley, Bud",68.206,68.216,0.01
"Chandler, Will",70.419,70.419,0.0
"Clanton, Luke",68.444,68.431,-0.013
"Cole, Eric",68.682,68.543,-0.139
"Cole, Preston",74.261,74.261,0.0
"Cone, Trevor",69.359,69.359,0.0
"Coody, Pierceson",68.284,68.257,-0.027
"Cummins, Quade",68.898,68.898,0.0
"Dahmen, Joel",68.533,68.533,0.0
"Davis, Cam",69.379,69.379,0.0
"Del Solar, Cristobal",70.055,70.055,0.0
"Detry, Thomas",68.5,68.448,-0.052
"Dickson, Taylor",70.161,70.161,0.0
"Duncan, Austin",72.008,72.008,0.0
"Dunlap, Nick",70.35,70.35,0.0
"Echavarria, Nico",68.438,68.427,-0.011
"Eckroat, Austin",68.232,68.233,0.001
"Finau, Tony",68.835,68.732,-0.103
"Fishburn, Patrick",68.638,68.606,-0.032
"Fisk, Steven",68.856,68.856,0.0
"Fitzpatrick, Matt",67.414,67.413,-0.001
"Ford, David",69.326,69.326,0.0
"Fowler, Rickie",67.951,67.968,0.017
"Fox, Ryan",68.437,68.407,-0.03
"Franken, Stephen",72.176,72.176,0.0
"Garnett, Brice",68.691,68.691,0.0
"Gerard, Ryan",67.812,67.92,0.108
"Ghim, Doug",68.135,68.123,-0.012
"Glover, Lucas",67.599,67.634,0.035
"Goodwin, Noah",68.919,68.919,0.0
"Gordon, Will",69.088,69.088,0.0
"Greyserman, Max",68.295,68.238,-0.057
"Griffin, Ben",67.573,67.555,-0.018
"Griffin, Lanto",69.039,69.039,0.0
"Grillo, Emiliano",68.162,68.184,0.022
"Hadley, Chesson",69.435,69.435,0.0
"Hadwin, Adam",68.999,68.999,0.0
"Hall, Harry",67.882,67.854,-0.028
"Hardy, Nick",68.996,68.996,0.0
"Herman, Jim",71.244,71.244,0.0
"Higgo, Garrick",69.133,69.133,0.0
"Higgs, Harry",69.044,69.044,0.0
"Highsmith, Joe",68.999,68.999,0.0
"Hisatsune, Ryo",68.48,68.485,0.005
"Hodges, Lee",68.461,68.429,-0.032
"Hoey, Rico",68.007,68.107,0.1
"Hojgaard, Nicolai",68.262,68.226,-0.036
"Hojgaard, Rasmus",68.632,68.581,-0.051
"Homa, Max",68.538,68.557,0.019
"Hossler, Beau",68.532,68.506,-0.026
"Hubbard, Mark",68.42,68.436,0.016
"Im, Sungjae",67.94,67.94,-0.0
"Jaeger, Stephan",69.119,69.0,-0.119
"Johnson, Zach",68.629,68.629,0.0
"Kanaya, Takumi",68.135,68.173,0.038
"Kennon, Scotty",71.654,71.654,0.0
"Kim, Chan",68.891,68.891,0.0
"Kim, Michael",68.25,68.223,-0.027
"Kim, Si Woo",67.471,67.534,0.063
"Kim, Tom",68.319,68.279,-0.04
"Kirk, Chris",68.204,68.193,-0.011
"Kisner, Kevin",69.406,69.406,0.0
"Kitayama, Kurt",67.928,67.866,-0.062
"Kizzire, Patton",69.507,69.507,0.0
"Knapp, Jake",68.035,68.09,0.055
"Knowles, Philip",69.976,69.976,0.0
"Kohles, Ben",68.456,68.456,0.0
"Koivun, Jackson",68.358,68.269,-0.089
"Kuchar, Matt",68.507,68.424,-0.083
"Lashley, Nate",68.803,68.803,0.0
"Lawrence, Thriston",68.671,68.726,0.055
"Lee, Tain",71.973,71.973,0.0
"Lipsky, David",68.565,68.565,0.0
"List, Luke",69.12,69.12,0.0
"Lower, Justin",69.217,69.217,0.0
"MacIntyre, Robert",67.533,67.552,0.019
"Malnati, Peter",69.82,69.82,0.0
"Manassero, Matteo",68.971,68.971,0.0
"Matsuyama, Hideki",67.737,67.673,-0.064
"McCarthy, Denny",67.983,67.933,-0.05
"McCarty, Matt",68.277,68.377,0.1
"McGreevy, Max",68.225,68.293,0.068
"Meissner, Mac",68.822,68.822,0.0
"Mitchell, Keith",68.362,68.324,-0.038
"Moore, Taylor",68.283,68.379,0.096
"Mouw, William",68.599,68.644,0.045
"Mullinax, Trey",69.572,69.572,0.0
"Noren, Alex",68.066,68.143,0.077
"Norgaard, Niklas",68.958,68.958,0.0
"Norlander, Henrik",68.609,68.609,0.0
"Novak, Andrew",68.096,68.095,-0.001
"Olesen, Thorbjorn",68.273,68.328,0.055
"Onishi, Kaito",70.19,70.19,0.0
"Pak, John",69.289,69.289,0.0
"Palmer, Ryan",71.047,71.047,0.0
"Pavon, Matthieu",69.219,69.219,0.0
"Perez, Victor",68.356,68.317,-0.039
"Peterson, Paul",68.68,68.68,0.0
"Phillips, Chandler",68.903,68.903,0.0
"Poston, J.T.",67.877,67.897,0.02
"Power, Seamus",68.57,68.57,0.0
"Putnam, Andrew",68.055,68.108,0.053
"Rai, Aaron",67.228,67.318,0.09
"Ramey, Chad",68.721,68.721,0.0
"Riedel, Matthew",70.016,70.016,0.0
"Riley, Davis",69.25,69.25,0.0
"Rodgers, Patrick",68.833,68.833,0.0
"Rosenmueller, Thomas",68.547,68.619,0.072
"Roy, Kevin",68.391,68.453,0.062
"Rozner, Antoine",68.758,68.758,0.0
"Ryder, Sam",68.702,68.702,0.0
"Salinda, Isaiah",68.881,68.881,0.0
"Sargent, Gordon",70.876,70.876,0.0
"Schenk, Adam",69.588,69.588,0.0
"Schmid, Matti",68.632,68.638,0.006
"Scott, Adam",68.115,68.07,-0.045
"Sigg, Greyson",68.754,68.754,0.0
"Silverman, Ben",68.856,68.856,0.0
"Simpson, Webb",68.518,68.447,-0.071
"Skinns, David",69.05,69.05,0.0
"Smalley, Alex",68.092,68.141,0.049
"Snedeker, Brandt",68.955,68.955,0.0
"Spieth, Jordan",67.719,67.761,0.042
"Stevens, Sam",67.999,68.065,0.066
"Suber, Jackson",69.128,69.128,0.0
"Svensson, Adam",68.745,68.753,0.008
"Svensson, Jesper",68.347,68.331,-0.016
"Theegala, Sahith",68.923,68.923,0.0
"Thompson, Davis",67.97,67.95,-0.02
"Thorbjornsen, Michael",68.396,68.382,-0.014
"Thornberry, Braden",70.319,70.319,0.0
"Valimaki, Sami",68.834,68.834,0.0
"Van Rooyen, Erik",68.604,68.604,0.0
"Velo, Kevin",69.703,69.703,0.0
"Ventura, Kris",68.835,68.835,0.0
"Vilips, Karl",69.502,69.502,0.0
"Villegas, Camilo",69.626,69.626,0.0
"Walker, Danny",69.462,69.462,0.0
"Wallace, Matt",68.07,68.083,0.013
"Whaley, Vince",68.46,68.463,0.003
"Wise, Aaron",70.313,70.313,0.0
"Woodland, Gary",68.475,68.479,0.004
"Young, Cameron",68.57,68.456,-0.114
"Young, Carson",68.477,68.477,0.0
"Yu, Kevin",68.078,68.127,0.049
