PLAYER NAME,BASELINE STROKES,ADJUSTED STROKES,STROKES GAINED
"Albertson, Anders",71.136,71.136,-1.476
"An, Byeong Hun",69.372,69.381,0.279
"Andersen, Mason",71.257,71.257,-1.597
"Baddeley, Aaron",71.397,71.397,-1.737
"Bezuidenhout, Christiaan",68.866,68.884,0.776
"Bhatia, Akshay",68.579,68.609,1.051
"Bramlett, Joseph",69.954,69.954,-0.294
"Bridgeman, Jacob",69.282,69.265,0.395
"Buckley, Hayden",70.453,70.453,-0.793
"Burns, Sam",68.276,68.282,1.378
"Campbell, Thomas",72.276,72.276,-2.616
"Campos, Rafael",70.964,70.964,-1.304
"Cao, Yi",71.448,71.448,-1.788
"Capan III, Frankie",71.31,71.31,-1.65
"Castillo, Ricky",69.564,69.472,0.188
"Champ, Cameron",69.652,69.524,0.136
"Chandler, Will",70.894,70.894,-1.234
"Clanton, Luke",69.413,69.37,0.29
"Clark, Wyndham",68.803,68.694,0.966
"Cole, Eric",69.67,69.694,-0.034
"Cone, Trevor",70.136,70.136,-0.476
"Coody, Pierceson",69.324,69.367,0.293
"Cummins, Quade",69.628,69.628,0.032
"Dahmen, Joel",69.649,69.6,0.06
"Davis, Cam",69.924,69.896,-0.236
"Del Solar, Cristobal",70.879,70.879,-1.219
"Dickson, Taylor",70.945,70.945,-1.285
"Dunlap, Nick",70.938,70.938,-1.278
"Eckroat, Austin",69.32,69.262,0.398
"Endycott, Harrison",71.262,71.262,-1.602
"Feuerstein, Michael",72.349,72.349,-2.689
"Finau, Tony",69.135,69.075,0.585
"Fishburn, Patrick",69.45,69.442,0.218
"Fisk, Steven",69.663,69.663,-0.003
"Ford, David",70.396,70.396,-0.736
"Fowler, Rickie",68.863,68.856,0.804
"Garnett, Brice",69.793,69.793,-0.133
"Ghim, Doug",68.953,68.969,0.691
"Goodwin, Noah",70.178,70.178,-0.518
"Gordon, Will",69.896,69.896,-0.236
"Gotterup, Chris",68.417,68.493,1.167
"Greyserman, Max",68.964,68.92,0.74
"Griffin, Lanto",69.841,69.841,-0.181
"Grillo, Emiliano",69.034,69.024,0.636
"Hadley, Chesson",70.198,70.198,-0.538
"Hadwin, Adam",69.906,69.906,-0.246
"Hardy, Nick",69.917,69.917,-0.257
"Herendeen, Max",71.101,71.101,-1.441
"Herron, Carson",72.952,72.952,-3.292
"Higgo, Garrick",69.968,69.968,-0.308
"Higgs, Harry",70.204,70.204,-0.544
"Highsmith, Joe",69.83,69.83,-0.17
"Hisatsune, Ryo",69.389,69.458,0.202
"Hodges, Lee",69.218,69.215,0.445
"Hoey, Rico",68.991,69.025,0.635
"Hoge, Tom",69.328,69.303,0.357
"Homa, Max",69.367,69.369,0.291
"Hossler, Beau",69.035,69.098,0.562
"Hubbard, Mark",69.367,69.401,0.259
"Hughes, Mackenzie",69.354,69.398,0.262
"Im, Sungjae",68.846,68.871,0.789
"Johnson, Zach",69.759,69.759,-0.099
"Kanaya, Takumi",69.322,69.427,0.233
"Kim, Chan",69.768,69.718,-0.058
"Kim, Si Woo",68.438,68.529,1.131
"Kim, Tom",69.268,69.216,0.444
"Kirk, Chris",69.379,69.362,0.298
"Kisner, Kevin",70.787,70.787,-1.127
"Kitayama, Kurt",68.943,68.864,0.796
"Kizzire, Patton",70.493,70.493,-0.833
"Knapp, Jake",69.117,69.107,0.553
"Knowles, Philip",70.818,70.818,-1.158
"Kohles, Ben",69.702,69.702,-0.042
"La Sasso, Michael",70.806,70.806,-1.146
"Lashley, Nate",69.838,69.838,-0.178
"Lawrence, Thriston",69.489,69.468,0.192
"Li, Haotong",69.527,69.516,0.144
"Lipsky, David",69.824,69.824,-0.164
"List, Luke",69.943,69.943,-0.283
"Lower, Justin",70.067,70.067,-0.407
"Malnati, Peter",70.605,70.605,-0.945
"Martin, Ben",70.169,70.169,-0.509
"Matthews, Brandon",72.842,72.842,-3.182
"McCarty, Matt",69.088,69.145,0.515
"McGreevy, Max",69.107,69.181,0.479
"McNealy, Maverick",68.161,68.242,1.418
"Meissner, Mac",69.977,69.958,-0.298
"Merritt, Troy",70.728,70.728,-1.068
"Mitchell, Keith",69.181,69.173,0.487
"Montgomery, Taylor",70.202,70.105,-0.445
"Moore, Taylor",69.473,69.482,0.178
"Mouw, William",69.75,69.69,-0.03
"Mullinax, Trey",70.36,70.36,-0.7
"Noren, Alex",69.167,69.194,0.466
"Norgaard, Niklas",69.674,69.629,0.031
"Norlander, Henrik",69.602,69.602,0.058
"Olesen, Thorbjorn",69.284,69.311,0.349
"Onishi, Kaito",70.866,70.866,-1.206
"Pak, John",70.27,70.27,-0.61
"Palmer, Ryan",71.902,71.902,-2.242
"Paul, Jeremy",70.138,70.138,-0.478
"Pavon, Matthieu",70.201,70.201,-0.541
"Pendrith, Taylor",68.715,68.701,0.959
"Perez, Victor",69.42,69.41,0.25
"Peterson, Paul",69.697,69.697,-0.037
"Phillips, Chandler",69.568,69.663,-0.003
"Power, Seamus",69.739,69.739,-0.079
"Putnam, Andrew",68.909,68.959,0.701
"Radcliff, Josh",72.533,72.533,-2.873
"Ramey, Chad",69.754,69.754,-0.094
"Reavie, Chez",70.432,70.432,-0.772
"Riedel, Matthew",70.762,70.762,-1.102
"Riley, Davis",70.034,69.949,-0.289
"Rodgers, Patrick",69.654,69.645,0.015
"Rosenmueller, Thomas",69.622,69.597,0.063
"Roy, Kevin",69.221,69.208,0.452
"Rozner, Antoine",69.552,69.596,0.064
"Ryder, Sam",69.426,69.46,0.2
"Salinda, Isaiah",69.832,69.832,-0.172
"Sargent, Gordon",71.584,71.584,-1.924
"Schenk, Adam",70.131,70.131,-0.471
"Schmid, Matti",69.293,69.259,0.401
"Scott, Adam",68.991,68.967,0.693
"Sigg, Greyson",69.787,69.787,-0.127
"Silverman, Ben",69.778,69.778,-0.118
"Simpson, Webb",69.924,69.924,-0.264
"Skinns, David",69.782,69.782,-0.122
"Smalley, Alex",69.099,69.162,0.498
"Snedeker, Brandt",69.996,69.996,-0.336
"Springer, Hayden",69.591,69.522,0.138
"Stallings Jr., Stephen",72.53,72.53,-2.87
"Stevens, Sam",68.972,69.003,0.657
"Stout, Preston",70.026,70.026,-0.366
"Suber, Jackson",69.852,69.802,-0.142
"Svensson, Adam",69.903,69.903,-0.243
"Svensson, Jesper",69.171,69.214,0.446
"Theegala, Sahith",69.59,69.596,0.064
"Thompson, Davis",68.87,68.876,0.784
"Thorbjornsen, Michael",68.998,68.963,0.697
"Thornberry, Braden",71.106,71.106,-1.446
"Valdes, Brendan",70.032,70.032,-0.372
"Valimaki, Sami",69.719,69.702,-0.042
"Van Rooyen, Erik",69.302,69.29,0.37
"Vegas, Jhonattan",69.308,69.287,0.373
"Velo, Kevin",70.55,70.55,-0.89
"Ventura, Kris",69.637,69.603,0.057
"Vilips, Karl",70.353,70.353,-0.693
"Villegas, Camilo",70.797,70.797,-1.137
"Walker, Danny",70.141,70.141,-0.481
"Wallace, Matt",68.984,68.968,0.692
"Whaley, Vince",69.168,69.161,0.499
"Willett, Danny",70.523,70.523,-0.863
"Woodland, Gary",69.588,69.491,0.169
"Wu, Dylan",69.956,69.956,-0.296
"Young, Carson",69.564,69.564,0.096
"Yu, Kevin",68.887,68.92,0.74
