PLAYER NAME,STROKES PREDICTION,FINAL PREDICTION,AM,COURSE NAME
"McIlroy, Rory",66.83,2.047297545,0,TPC Toronto at Osprey Valley (North Course)
"Conners, Corey",67.34,1.538594691,0,TPC Toronto at Osprey Valley (North Course)
"Lowry, Shane",67.45,1.428188007,0,TPC Toronto at Osprey Valley (North Course)
"Aberg, Ludvig",67.48,1.402441034,0,TPC Toronto at Osprey Valley (North Course)
"MacIntyre, Robert",67.53,1.349738089,0,TPC Toronto at Osprey Valley (North Course)
"Pendrith, Taylor",67.68,1.195169333,0,TPC Toronto at Osprey Valley (North Course)
"Burns, Sam",67.75,1.13066666,0,TPC Toronto at Osprey Valley (North Course)
"Im, Sungjae",67.76,1.123535255,0,TPC Toronto at Osprey Valley (North Course)
"Mitchell, Keith",67.96,0.921394029,0,TPC Toronto at Osprey Valley (North Course)
"Hall, Harry",67.97,0.909452081,0,TPC Toronto at Osprey Valley (North Course)
"Noren, Alex",68.04,0.842226535,0,TPC Toronto at Osprey Valley (North Course)
"Olesen, Thorbjorn",68.06,0.816042284,0,TPC Toronto at Osprey Valley (North Course)
"Hughes, Mackenzie",68.14,0.735296822,0,TPC Toronto at Osprey Valley (North Course)
"Taylor, Nick",68.17,0.708101635,0,TPC Toronto at Osprey Valley (North Course)
"Smalley, Alex",68.18,0.700980328,0,TPC Toronto at Osprey Valley (North Course)
"Fox, Ryan",68.21,0.667533948,0,TPC Toronto at Osprey Valley (North Course)
"Wallace, Matt",68.22,0.657440525,0,TPC Toronto at Osprey Valley (North Course)
"Clanton, Luke",68.22,0.656507065,0,TPC Toronto at Osprey Valley (North Course)
"Young, Cameron",68.25,0.627313407,0,TPC Toronto at Osprey Valley (North Course)
"Cole, Eric",68.26,0.623361604,0,TPC Toronto at Osprey Valley (North Course)
"Hisatsune, Ryo",68.26,0.616679403,0,TPC Toronto at Osprey Valley (North Course)
"Clark, Wyndham",68.28,0.599812065,0,TPC Toronto at Osprey Valley (North Course)
"Kitayama, Kurt",68.3,0.578805564,0,TPC Toronto at Osprey Valley (North Course)
"Gotterup, Chris",68.31,0.569203255,0,TPC Toronto at Osprey Valley (North Course)
"Keefer, Johnny",68.31,0.566399369,0,TPC Toronto at Osprey Valley (North Course)
"Yu, Kevin",68.32,0.561977011,0,TPC Toronto at Osprey Valley (North Course)
"Moore, Taylor",68.33,0.553384947,0,TPC Toronto at Osprey Valley (North Course)
"Ghim, Doug",68.33,0.549819498,0,TPC Toronto at Osprey Valley (North Course)
"Hojgaard, Rasmus",68.36,0.515869671,0,TPC Toronto at Osprey Valley (North Course)
"Whaley, Vince",68.38,0.504986375,0,TPC Toronto at Osprey Valley (North Course)
"Schmid, Matti",68.38,0.500175967,0,TPC Toronto at Osprey Valley (North Course)
"McCarty, Matt",68.43,0.44529012,0,TPC Toronto at Osprey Valley (North Course)
"Detry, Thomas",68.45,0.433871535,0,TPC Toronto at Osprey Valley (North Course)
"Hubbard, Mark",68.47,0.409044177,0,TPC Toronto at Osprey Valley (North Course)
"An, Byeong Hun",68.5,0.380059963,0,TPC Toronto at Osprey Valley (North Course)
"Hoey, Rico",68.5,0.379686267,0,TPC Toronto at Osprey Valley (North Course)
"Thorbjornsen, Michael",68.52,0.362185319,0,TPC Toronto at Osprey Valley (North Course)
"Norgaard, Niklas",68.52,0.35629417,0,TPC Toronto at Osprey Valley (North Course)
"Rodgers, Patrick",68.52,0.355641044,0,TPC Toronto at Osprey Valley (North Course)
"Woodland, Gary",68.55,0.330373487,0,TPC Toronto at Osprey Valley (North Course)
"Kim, Tom",68.56,0.316519768,0,TPC Toronto at Osprey Valley (North Course)
"Hodges, Lee",68.58,0.300765252,0,TPC Toronto at Osprey Valley (North Course)
"Svensson, Jesper",68.58,0.300009446,0,TPC Toronto at Osprey Valley (North Course)
"Hojgaard, Nicolai",68.59,0.294622508,0,TPC Toronto at Osprey Valley (North Course)
"Van Rooyen, Erik",68.59,0.293267781,0,TPC Toronto at Osprey Valley (North Course)
"McGreevy, Max",68.59,0.293174924,0,TPC Toronto at Osprey Valley (North Course)
"Theegala, Sahith",68.6,0.279562195,0,TPC Toronto at Osprey Valley (North Course)
"Grillo, Emiliano",68.6,0.275106672,0,TPC Toronto at Osprey Valley (North Course)
"Knapp, Jake",68.61,0.270690298,0,TPC Toronto at Osprey Valley (North Course)
"Norlander, Henrik",68.63,0.251787527,0,TPC Toronto at Osprey Valley (North Course)
"Castillo, Ricky",68.63,0.248180957,0,TPC Toronto at Osprey Valley (North Course)
"Riley, Davis",68.67,0.207700883,0,TPC Toronto at Osprey Valley (North Course)
"Power, Seamus",68.68,0.195488697,0,TPC Toronto at Osprey Valley (North Course)
"Salinda, Isaiah",68.69,0.194441787,0,TPC Toronto at Osprey Valley (North Course)
"Ryder, Sam",68.69,0.190838656,0,TPC Toronto at Osprey Valley (North Course)
"Perez, Victor",68.69,0.188782108,0,TPC Toronto at Osprey Valley (North Course)
"Putnam, Andrew",68.7,0.178997285,0,TPC Toronto at Osprey Valley (North Course)
"Homa, Max",68.71,0.171253288,0,TPC Toronto at Osprey Valley (North Course)
"Fisk, Steven",68.71,0.165686287,0,TPC Toronto at Osprey Valley (North Course)
"Rose, Justin",68.72,0.155534072,0,TPC Toronto at Osprey Valley (North Course)
"Kanaya, Takumi",68.76,0.116458404,0,TPC Toronto at Osprey Valley (North Course)
"Kuchar, Matt",68.77,0.112157293,0,TPC Toronto at Osprey Valley (North Course)
"Hossler, Beau",68.79,0.087908258,0,TPC Toronto at Osprey Valley (North Course)
"Svensson, Adam",68.79,0.087895509,0,TPC Toronto at Osprey Valley (North Course)
"Roy, Kevin",68.8,0.076404746,0,TPC Toronto at Osprey Valley (North Course)
"Lower, Justin",68.81,0.071109258,0,TPC Toronto at Osprey Valley (North Course)
"Dahmen, Joel",68.83,0.046845843,0,TPC Toronto at Osprey Valley (North Course)
"Cummins, Quade",68.87,0.006675568,0,TPC Toronto at Osprey Valley (North Course)
"Young, Carson",68.88,-0.002167247,0,TPC Toronto at Osprey Valley (North Course)
"Fishburn, Patrick",68.88,-0.004652419,0,TPC Toronto at Osprey Valley (North Course)
"Vilips, Karl",68.91,-0.028575774,0,TPC Toronto at Osprey Valley (North Course)
"Walker, Danny",68.91,-0.033026589,0,TPC Toronto at Osprey Valley (North Course)
"Rozner, Antoine",68.92,-0.037720567,0,TPC Toronto at Osprey Valley (North Course)
"Sigg, Greyson",68.92,-0.043933316,0,TPC Toronto at Osprey Valley (North Course)
"Tosti, Alejandro",68.96,-0.080922918,0,TPC Toronto at Osprey Valley (North Course)
"Kim, Chan",68.96,-0.083486483,0,TPC Toronto at Osprey Valley (North Course)
"Hadwin, Adam",68.98,-0.102435965,0,TPC Toronto at Osprey Valley (North Course)
"Phillips, Chandler",69.01,-0.132738194,0,TPC Toronto at Osprey Valley (North Course)
"Ramey, Chad",69.02,-0.142645283,0,TPC Toronto at Osprey Valley (North Course)
"Meissner, Mac",69.03,-0.153070762,0,TPC Toronto at Osprey Valley (North Course)
"Pavon, Matthieu",69.05,-0.168670397,0,TPC Toronto at Osprey Valley (North Course)
"Ventura, Kris",69.09,-0.209348064,0,TPC Toronto at Osprey Valley (North Course)
"Mullinax, Trey",69.1,-0.219853824,0,TPC Toronto at Osprey Valley (North Course)
"Rosenmueller, Thomas",69.13,-0.249003078,0,TPC Toronto at Osprey Valley (North Course)
"Hoffman, Charley",69.13,-0.253458304,0,TPC Toronto at Osprey Valley (North Course)
"Garnett, Brice",69.14,-0.257870483,0,TPC Toronto at Osprey Valley (North Course)
"List, Luke",69.14,-0.25818101,0,TPC Toronto at Osprey Valley (North Course)
"Paul, Jeremy",69.17,-0.293117466,0,TPC Toronto at Osprey Valley (North Course)
"Hardy, Nick",69.18,-0.299111204,0,TPC Toronto at Osprey Valley (North Course)
"Ford, David",69.19,-0.309398727,0,TPC Toronto at Osprey Valley (North Course)
"Manassero, Matteo",69.19,-0.310316056,0,TPC Toronto at Osprey Valley (North Course)
"Gordon, Will",69.19,-0.312360664,0,TPC Toronto at Osprey Valley (North Course)
"Springer, Hayden",69.19,-0.313138085,0,TPC Toronto at Osprey Valley (North Course)
"Higgs, Harry",69.21,-0.329071136,0,TPC Toronto at Osprey Valley (North Course)
"Kohles, Ben",69.25,-0.368099717,0,TPC Toronto at Osprey Valley (North Course)
"Silverman, Ben",69.3,-0.415651187,0,TPC Toronto at Osprey Valley (North Course)
"Mouw, William",69.3,-0.421202967,0,TPC Toronto at Osprey Valley (North Course)
"Lashley, Nate",69.35,-0.472993602,0,TPC Toronto at Osprey Valley (North Course)
"Snedeker, Brandt",69.38,-0.503563316,0,TPC Toronto at Osprey Valley (North Course)
"Schenk, Adam",69.4,-0.523888185,0,TPC Toronto at Osprey Valley (North Course)
"Goodwin, Noah",69.42,-0.536005221,0,TPC Toronto at Osprey Valley (North Course)
"Griffin, Lanto",69.44,-0.562956178,0,TPC Toronto at Osprey Valley (North Course)
"Buckley, Hayden",69.46,-0.576772702,0,TPC Toronto at Osprey Valley (North Course)
"Lee, Richard",69.52,-0.63512116,0,TPC Toronto at Osprey Valley (North Course)
"Willett, Danny",69.57,-0.687741669,0,TPC Toronto at Osprey Valley (North Course)
"Pak, John",69.58,-0.696207393,0,TPC Toronto at Osprey Valley (North Course)
"Widing, Tim",69.63,-0.750907599,0,TPC Toronto at Osprey Valley (North Course)
"Onishi, Kaito",69.67,-0.787473476,0,TPC Toronto at Osprey Valley (North Course)
"Dickson, Taylor",69.69,-0.806382219,0,TPC Toronto at Osprey Valley (North Course)
"Lipsky, David",69.75,-0.869733142,0,TPC Toronto at Osprey Valley (North Course)
"Suber, Jackson",69.77,-0.888441126,0,TPC Toronto at Osprey Valley (North Course)
"Velo, Kevin",69.79,-0.909863602,0,TPC Toronto at Osprey Valley (North Course)
"Skinns, David",69.8,-0.920523308,0,TPC Toronto at Osprey Valley (North Course)
"Yellamaraju, Sudarshan",69.81,-0.927554042,0,TPC Toronto at Osprey Valley (North Course)
"Creighton, Myles",69.87,-0.987619481,0,TPC Toronto at Osprey Valley (North Course)
"Campos, Rafael",69.89,-1.009109925,0,TPC Toronto at Osprey Valley (North Course)
"Dunlap, Nick",69.9,-1.019799098,0,TPC Toronto at Osprey Valley (North Course)
"Capan III, Frankie",69.91,-1.034163531,0,TPC Toronto at Osprey Valley (North Course)
"Anderson, Matthew",69.94,-1.062021931,0,TPC Toronto at Osprey Valley (North Course)
"Thornberry, Braden",69.94,-1.063988667,0,TPC Toronto at Osprey Valley (North Course)
"Sloan, Roger",69.97,-1.087853806,0,TPC Toronto at Osprey Valley (North Course)
"Cone, Trevor",69.98,-1.098852906,0,TPC Toronto at Osprey Valley (North Course)
"Chandler, Will",69.98,-1.099197477,0,TPC Toronto at Osprey Valley (North Course)
"Peterson, Paul",69.99,-1.108137174,0,TPC Toronto at Osprey Valley (North Course)
"Andersen, Mason",70.07,-1.191207353,0,TPC Toronto at Osprey Valley (North Course)
"Waring, Paul",70.09,-1.209821791,0,TPC Toronto at Osprey Valley (North Course)
"Del Solar, Cristobal",70.1,-1.217526972,0,TPC Toronto at Osprey Valley (North Course)
"Endycott, Harrison",70.12,-1.240283485,0,TPC Toronto at Osprey Valley (North Course)
"Villegas, Camilo",70.15,-1.266515619,0,TPC Toronto at Osprey Valley (North Course)
"Malnati, Peter",70.25,-1.366701491,0,TPC Toronto at Osprey Valley (North Course)
"Ewart, A.J.",70.25,-1.369812471,0,TPC Toronto at Osprey Valley (North Course)
"Knowles, Philip",70.27,-1.392727937,0,TPC Toronto at Osprey Valley (North Course)
"Wise, Aaron",70.29,-1.407413045,0,TPC Toronto at Osprey Valley (North Course)
"Botha, Barend",70.31,-1.429204621,0,TPC Toronto at Osprey Valley (North Course)
"Thomson, Hunter",70.33,-1.449128248,1,TPC Toronto at Osprey Valley (North Course)
"Kisner, Kevin",70.36,-1.475977762,0,TPC Toronto at Osprey Valley (North Course)
"Riedel, Matthew",70.41,-1.531435612,0,TPC Toronto at Osprey Valley (North Course)
"McCulloch, Ashton",70.42,-1.536990437,1,TPC Toronto at Osprey Valley (North Course)
"Baddeley, Aaron",70.68,-1.798549874,0,TPC Toronto at Osprey Valley (North Course)
"Cao, Yi",70.81,-1.929880661,0,TPC Toronto at Osprey Valley (North Course)
"Palmer, Ryan",70.91,-2.034905513,0,TPC Toronto at Osprey Valley (North Course)
"Wang, Wei-Hsuan",71.22,-2.343026496,0,TPC Toronto at Osprey Valley (North Course)
"Mawhinney, Tyler",71.53,-2.654083411,1,TPC Toronto at Osprey Valley (North Course)
"Weir, Mike",71.6,-2.719767368,0,TPC Toronto at Osprey Valley (North Course)
"Sargent, Gordon",71.9,-2.982542339,0,TPC Toronto at Osprey Valley (North Course)
"Matthews, Justin",71.9,-3.032373588,1,TPC Toronto at Osprey Valley (North Course)
"Heffernan, Wes",71.9,-3.041787451,0,TPC Toronto at Osprey Valley (North Course)
"Goldenberg, Josh",72,-3.141775052,0,TPC Toronto at Osprey Valley (North Course)
"Covello, Vince",72.1,-3.197038412,0,TPC Toronto at Osprey Valley (North Course)
"Hearn, David",72.1,-3.230196547,0,TPC Toronto at Osprey Valley (North Course)
"Hoffman, Mark",72.7,-3.797116069,0,TPC Toronto at Osprey Valley (North Course)
"Webster, Brett",72.9,-4.053887952,0,TPC Toronto at Osprey Valley (North Course)
"Collins, Cougar",73,-4.126625677,0,TPC Toronto at Osprey Valley (North Course)
"Javier, Matthew",73.1,-4.258269021,1,TPC Toronto at Osprey Valley (North Course)
"DiMarco, Cristian",73.3,-4.37295464,0,TPC Toronto at Osprey Valley (North Course)
"Scobie, Matthew",74.5,-5.598524258,0,TPC Toronto at Osprey Valley (North Course)
