datagolf_name,dk_name,sample_size,dk_id,dk_salary,std_dev,tee_time,early_late_wave,scoring_points,finish_points,manual_bump,total_points,value,max_exposure,projected_ownership,lineup_rule
"Scheffler, Scottie","Scottie Scheffler",150,39304138,13100,33.559,8:28 am,1,83.2,10.5,0,93.7,0.79,100,33.576404198623315,
"McIlroy, Rory","Rory McIlroy",150,39304139,11400,34.120,1:43 pm,0,75.1,7.3,0,82.3,0.6,100,23.87816205767481,
"Schauffele, Xander","Xander Schauffele",150,39304140,10100,33.077,1:43 pm,0,68.1,5.2,0,73.2,0.41,100,14.676070300614505,
"Fleetwood, Tommy","Tommy Fleetwood",150,39304141,9900,33.039,1:54 pm,0,70.1,5.8,0,75.9,0.73,100,17.039639968777507,
"Morikawa, Collin","Collin Morikawa",150,39304142,9600,33.071,8:39 am,1,65.8,4.7,0,70.5,0.41,100,11.435872266968403,
"Aberg, Ludvig","Ludvig Aberg",150,39304143,9400,32.900,8:39 am,1,66,4.6,0,70.6,0.51,100,18.97251424930121,
"Hovland, Viktor","Viktor Hovland",150,39304144,9300,33.014,1:43 pm,0,64.5,4.3,0,68.8,0.4,100,15.632426101129104,
"Thomas, Justin","Justin Thomas",150,39304145,9200,33.286,8:17 am,1,66,4.5,0,70.5,0.59,100,10.013195976754703,
"MacIntyre, Robert","Robert Macintyre",150,39304146,9100,32.428,8:28 am,1,67.1,4.9,0,72,0.77,100,21.05387645945021,
"Burns, Sam","Sam Burns",150,39304147,9000,32.053,8:50 am,1,62.7,3.8,0,66.4,0.33,100,13.927986019132405,
"Conners, Corey","Corey Conners",150,39304148,8900,31.849,7:55 am,1,61.5,3.7,0,65.2,0.27,100,6.498917545757962,
"Fitzpatrick, Matt","Matt Fitzpatrick",150,39304149,8800,32.300,1:21 pm,0,62.7,3.8,0,66.5,0.44,100,18.103451797867407,
"Straka, Sepp","Sepp Straka",150,39304150,8700,31.353,8:17 am,1,59.4,3.1,0,62.5,0.14,100,6.720978883389912,
"Scott, Adam","Adam Scott",150,39304151,8600,31.741,8:28 am,1,61.8,3.7,0,65.6,0.44,100,14.723318068257504,
"Fox, Ryan","Ryan Fox",150,39304152,8500,31.504,1:32 pm,0,60.7,3.4,0,64.1,0.37,100,14.563760522914606,
"Hall, Harry","Harry Hall",150,39304153,8400,31.147,12:59 pm,0,60.8,3.5,0,64.3,0.42,100,10.802560325124006,
"Rai, Aaron","Aaron Rai",150,39304154,8300,30.937,7:44 am,1,59,3.1,0,62.1,0.29,100,8.297130283407894,
"Clark, Wyndham","Wyndham Clark",150,39304155,8200,30.384,8:06 am,1,54.6,2.2,0,56.8,-0.08,100,6.435868587527762,
"Spaun, J.J.","J.J. Spaun",150,39304156,8100,31.586,1:54 pm,0,61,3.5,0,64.5,0.58,100,6.449670313516802,
"McNealy, Maverick","Maverick McNealy",150,39304158,8000,31.781,7:33 am,1,61.8,3.6,0,65.3,0.7,100,11.126549118419003,
"English, Harris","Harris English",150,39304157,8000,31.084,1:10 pm,0,58.6,3,0,61.6,0.38,100,8.061025877007603,
"Pendrith, Taylor","Taylor Pendrith",150,39304159,7900,30.955,12:48 pm,0,58.4,3,0,61.4,0.41,100,5.195857999892142,
"Hojgaard, Rasmus","Rasmus Hojgaard",150,39304160,7900,31.829,12:48 pm,0,60.7,3.3,0,64,0.63,100,10.688859798508606,
"Greyserman, Max","Max Greyserman",150,39304161,7800,31.346,2:16 pm,0,59.6,3.1,0,62.7,0.57,100,10.420321695112104,
"Detry, Thomas","Thomas Detry",150,39304162,7800,30.797,8:50 am,1,56.9,2.6,0,59.5,0.29,100,9.795360323390234,
"Kim, Si Woo","Si Woo Kim",150,39304164,7700,30.423,12:37 pm,0,57.9,2.8,0,60.7,0.44,100,3.8661451137837117,
"Im, Sungjae","Sungjae Im",150,39304163,7700,29.844,8:06 am,1,53.9,2.2,0,56.1,0.05,100,3.099706847258671,
"Neergaard-Petersen, Rasmus","Rasmus Neergaard-Petersen",150,39304166,7600,31.744,12:59 pm,0,60.3,3.3,0,63.6,0.73,100,12.875657050629805,
"Kim, Tom","Tom Kim",150,39304165,7600,29.649,2:05 pm,0,52.8,2,0,54.9,-0.01,100,5.949093823453702,
"Taylor, Nick","Nick Taylor",150,39304167,7600,30.361,1:10 pm,0,55.8,2.5,0,58.3,0.28,100,5.432683723313972,
"Harman, Brian","Brian Harman",150,39304171,7500,28.986,1:21 pm,0,51.9,1.9,0,53.7,-0.04,100,7.156130299177403,
"Hojgaard, Nicolai","Nicolai Hojgaard",150,39304170,7500,31.190,7:33 am,1,58.2,2.9,0,61,0.56,100,9.050356109208934,
"An, Byeong Hun","Byeong Hun An",150,39304169,7500,30.993,1:10 pm,0,57,2.7,0,59.7,0.45,100,5.395195235818072,
"Noren, Alex","Alex Noren",150,39304168,7500,30.632,1:32 pm,0,57,2.7,0,59.7,0.45,100,5.043538488470702,
"Mitchell, Keith","Keith Mitchell",150,39304175,7400,30.070,1:10 pm,0,54.3,2.3,0,56.5,0.22,100,1.8496590938896607,
"Olesen, Thorbjorn","Thorbjorn Olesen",150,39304173,7400,30.250,8:06 am,1,56.4,2.6,0,59,0.43,100,3.3529849082251713,
"Berger, Daniel","Daniel Berger",150,39304172,7400,30.635,2:05 pm,0,56.6,2.6,0,59.2,0.45,100,4.264896798337402,
"Stevens, Sam","Sam Stevens",150,39304174,7400,30.223,12:15 pm,0,57.4,2.7,0,60.1,0.53,100,3.188376569169341,
"Norgaard, Niklas","Niklas Norgaard Moller",150,39304179,7300,30.494,12:26 pm,0,55.1,2.4,0,57.5,0.35,100,8.191521065963894,
"Smith, Jordan","Jordan L. Smith",150,39304178,7300,30.236,7:44 am,1,56.2,2.5,0,58.7,0.45,100,7.644970548387223,
"Wallace, Matt","Matt Wallace",150,39304177,7300,31.195,1:32 pm,0,57.9,2.9,0,60.7,0.62,100,3.091540097853871,
"Manassero, Matteo","Matteo Manassero",150,39304180,7300,26.747,1:54 pm,0,45.7,1.1,0,46.8,-0.39,100,4.566508233127072,
"Rose, Justin","Justin Rose",150,39304176,7300,27.136,1:32 pm,0,46.4,1.2,0,47.6,-0.34,100,4.521392649721282,
"Lawrence, Thriston","Thriston Lawrence",150,39304181,7200,29.137,2:16 pm,0,51.6,1.8,0,53.4,0.05,100,4.944096049813342,
"McCarthy, Denny","Denny McCarthy",150,39304185,7200,30.291,7:22 am,1,55.3,2.4,0,57.7,0.41,100,5.262846177833731,
"Perez, Victor","Victor Perez",150,39304184,7200,30.036,12:26 pm,0,55.2,2.4,0,57.6,0.41,100,5.781858235500453,
"Kim, Michael","Michael Kim",150,39304186,7200,29.950,12:15 pm,0,55,2.3,0,57.3,0.38,100,1.3281882947393906,
"Knapp, Jake","Jake Knapp",150,39304183,7200,31.295,8:17 am,1,57.8,2.8,0,60.7,0.66,100,5.817068096819722,
"Potgieter, Aldrich","Aldrich Potgieter",150,39304182,7200,29.478,1:32 pm,0,52.6,2,0,54.7,0.15,100,5.8312204562536625,
"Novak, Andrew","Andrew Novak",150,39304191,7100,30.499,12:48 pm,0,55.7,2.5,0,58.2,0.5,100,3.114917277698731,
"Hodges, Lee","Lee Hodges",150,39304187,7100,29.806,7:55 am,1,53.2,2.1,0,55.4,0.26,100,3.4487028635250216,
"Clanton, Luke","Luke Clanton",150,39304190,7100,29.462,2:27 pm,0,53.6,2.1,0,55.6,0.28,100,2.5222219046038306,
"Li, Haotong","Hao-Tong Li",150,39304193,7100,30.634,7:44 am,1,55.5,2.4,0,57.9,0.47,100,5.886967591175951,
"Gotterup, Chris","Chris Gotterup",150,39304189,7100,32.084,1:21 pm,0,60.6,3.5,0,64.1,1,100,7.772460283068494,
"Yu, Kevin","Kevin Yu",150,39304188,7100,30.826,12:48 pm,0,58.4,2.9,0,61.3,0.76,100,4.791505916267021,
"Brown, Daniel","Daniel Brown",150,39304192,7100,28.936,12:48 pm,0,51.6,1.8,0,53.4,0.09,100,4.322223473579141,
"Chacarra, Eugenio","Eugenio Lopez-Chacarra",150,39304198,7000,28.188,7:33 am,1,49.1,1.5,0,50.6,-0.07,100,2.1984780992835806,
"Gerard, Ryan","Ryan Gerard",150,39304196,7000,30.354,7:00 am,1,56.3,2.5,0,58.8,0.6,100,3.661122688689581,
"Penge, Marco","Marco Penge",150,39304197,7000,31.217,2:05 pm,0,57.7,2.8,0,60.5,0.74,100,10.105223229355904,
"Jordan, Matthew","Matthew Jordan",150,39304200,7000,29.431,12:26 pm,0,52.8,2,0,54.8,0.26,100,3.2608093407280805,
"Svensson, Jesper","Jesper Svensson",150,39304199,7000,30.589,2:05 pm,0,56.7,2.6,0,59.3,0.64,100,3.753601748988311,
"Cauley, Bud","Bud Cauley",150,39304195,7000,30.074,12:15 pm,0,55.6,2.5,0,58.1,0.53,100,3.906486617602351,
"Smalley, Alex","Alex Smalley",150,39304194,7000,29.731,2:27 pm,0,54.2,2.2,0,56.4,0.39,100,1.5704002091275606,
"Bezuidenhout, Christiaan","Christiaan Bezuidenhout",150,39304201,7000,29.303,7:33 am,1,52.7,2,0,54.7,0.25,100,1.2011223152987205,
"Schmid, Matti","Matti Schmid",150,39304208,6900,29.522,12:26 pm,0,52.8,2,0,54.8,0.3,100,3.587461864926731,
"Canter, Laurie","Laurie Canter",150,39304206,6900,29.694,8:17 am,1,53.5,2.1,0,55.6,0.37,100,4.047100884141412,
"Couvra, Martin","Martin Couvra",150,39304210,6900,28.120,8:39 am,1,48.8,1.5,0,50.3,-0.06,100,5.226695551246182,
"Hughes, Mackenzie","Mackenzie Hughes",150,39304207,6900,29.012,8:39 am,1,51.8,1.8,0,53.6,0.2,100,1.4299522304995507,
"Van Rooyen, Erik","Erik Van Rooyen",150,39304202,6900,29.185,12:59 pm,0,51.7,1.8,0,53.5,0.19,100,1.4371375201538705,
"Bridgeman, Jacob","Jacob Bridgeman",150,39304205,6900,30.004,12:26 pm,0,54.4,2.3,0,56.7,0.46,100,2.9064978003250714,
"Ferguson, Ewen","Ewen Ferguson",150,39304204,6900,29.234,1:21 pm,0,52.1,1.9,0,54,0.24,100,3.118702121866541,
"Reitan, Kristoffer","Kristoffer Reitan",150,39304209,6900,29.343,1:10 pm,0,52.3,1.9,0,54.2,0.25,100,7.664275937169783,
"Woodland, Gary","Gary Woodland",150,39304203,6900,28.582,7:33 am,1,50.7,1.7,0,52.4,0.1,100,2.0203772040368704,
"Putnam, Andrew","Andrew Putnam",150,39304215,6800,27.240,8:28 am,1,47.6,1.4,0,48.9,-0.11,100,0.5371705470185602,
"Laporta, Francesco","Francesco Laporta",150,39304218,6800,28.809,2:27 pm,0,51.1,1.8,0,52.9,0.18,100,2.810316800805431,
"Valimaki, Sami","Sami Valimaki",150,39304212,6800,28.989,7:00 am,1,51.7,1.8,0,53.6,0.24,100,2.055479574162081,
"Vegas, Jhonattan","Jhonattan Vegas",150,39304214,6800,29.275,8:17 am,1,51.3,1.9,0,53.2,0.21,100,1.3819645087093204,
"Hoge, Tom","Tom Hoge",150,39304213,6800,28.455,1:21 pm,0,50.2,1.6,0,51.9,0.1,100,1.4845137226230105,
"Rozner, Antoine","Antoine Rozner",150,39304219,6800,28.327,12:37 pm,0,49.9,1.6,0,51.5,0.07,100,2.7253443546589415,
"Echavarria, Nico","Nicolas Echavarria",150,39304216,6800,27.571,7:44 am,1,48.5,1.4,0,49.9,-0.05,100,1.2316854333728204,
"Hisatsune, Ryo","Ryo Hisatsune",150,39304217,6800,28.987,8:50 am,1,52.3,1.9,0,54.2,0.3,100,0.9880413864239805,
"Moore, Taylor","Taylor Moore",150,39304211,6800,29.349,7:44 am,1,53.3,2.1,0,55.4,0.4,100,1.2538680367827304,
"Mansell, Richard","Richard Mansell",150,39304223,6700,28.134,12:37 pm,0,49.6,1.5,0,51.2,0.08,100,1.7370437757442108,
"Stone, Brandon","Brandon Stone",150,39304220,6700,27.972,8:28 am,1,49,1.5,0,50.5,0.02,100,0.13382536336529005,
"Rodgers, Patrick","Patrick Rodgers",150,39304226,6700,28.130,2:05 pm,0,49.3,1.6,0,50.8,0.05,100,0.08648222234345003,
"Schneider, Marcel","Marcel Schneider",150,39304225,6700,27.276,7:00 am,1,47.3,1.3,0,48.5,-0.1,100,0.7868385908051903,
"Riley, Davis","Davis Riley",150,39304227,6700,27.109,7:22 am,1,46.5,1.2,0,47.6,-0.15,100,0.5296224098865402,
"Syme, Connor","Connor Syme",150,39304228,6700,26.350,1:54 pm,0,45.8,1.1,0,46.9,-0.2,100,2.434258353434601,
"McCarty, Matt","Matthew McCarty",150,39304221,6700,28.185,7:33 am,1,49.9,1.6,0,51.5,0.11,100,0.40546106524777015,
"Nakajima, Keita","Keita Nakajima",150,39304224,6700,26.791,7:55 am,1,46.5,1.2,0,47.7,-0.15,100,0,
"Langasque, Romain","Romain Langasque",150,39304222,6700,25.725,7:22 am,1,44.3,0.9,0,45.3,-0.29,100,4.949801116533752,
"Vilips, Karl","Karl Vilips",150,39304234,6600,25.876,8:06 am,1,44.3,1,0,45.3,-0.26,100,0.8578966468751604,
"Harrington, Padraig","Padraig Harrington",150,39304235,6600,24.784,7:55 am,1,41.8,0.8,0,42.6,-0.42,100,0.7246800161976703,
"Pavon, Matthieu","Matthieu Pavon",150,39304233,6600,25.613,7:55 am,1,43.8,0.9,0,44.7,-0.29,100,1.0717849798697603,
"Bairstow, Sam","Sam Bairstow",150,39304231,6600,27.451,1:43 pm,0,47.9,1.3,0,49.2,-0.03,100,0.027283405947380008,
"Ramsay, Richie","Richie Ramsay",150,39304229,6600,25.691,7:22 am,1,44,1,0,45,-0.28,100,0.4860047169221602,
"Salinda, Isaiah","Isaiah Salinda",150,39304237,6600,27.414,7:00 am,1,47.2,1.3,0,48.5,-0.07,100,0.005371317046077462,
"Hill, Calum","Calum Hill",150,39304236,6600,27.449,7:55 am,1,48.2,1.3,0,49.5,-0.01,100,0.6915224050471303,
"Saddier, Adrien","Adrien Saddier",150,39304230,6600,27.222,8:50 am,1,47.9,1.3,0,49.3,-0.02,100,0.7631208625475103,
"Hillier, Daniel","Daniel Hillier",150,39304232,6600,27.579,8:17 am,1,47.6,1.4,0,49,-0.04,100,0.9983099089213004,
"Forrest, Grant","Grant Forrest",150,39304243,6500,27.691,1:54 pm,0,48.2,1.4,0,49.5,0.03,100,2.6133972763810407,
"Campbell, Brian","Brian Campbell",150,39304238,6500,24.340,12:37 pm,0,42.2,0.8,0,42.9,-0.37,100,6.187004995059403,
"Soderberg, Sebastian","Sebastian Soderberg",150,39304246,6500,26.308,12:59 pm,0,44.9,1,0,45.9,-0.19,100,0.9592360148661704,
"Tosti, Alejandro","Alejandro Tosti",150,39304245,6500,27.612,1:43 pm,0,48,1.4,0,49.4,0.02,100,1.2402298535894005,
"Norlander, Henrik","Henrik Norlander",150,39304242,6500,26.078,7:11 am,1,45.3,1.1,0,46.3,-0.16,100,0.3597088513648201,
"Sullivan, Andy","Andy Sullivan",150,39304240,6500,26.763,9:01 am,1,46.3,1.2,0,47.5,-0.1,100,0,
"Fitzpatrick, Alex","Alex Fitzpatrick",150,39304239,6500,28.062,2:16 pm,0,48.8,1.5,0,50.3,0.1,100,0.8871911531822902,
"Campillo, Jorge","Jorge Campillo",150,39304241,6500,25.860,1:54 pm,0,44.8,1,0,45.8,-0.2,100,0.2566295243181501,
"Parry, John","John Parry",150,39304244,6500,27.175,8:06 am,1,47.5,1.4,0,48.9,-0.01,100,0.43179860042552015,
"Kruyswijk, Jacques","Jacques Kruyswijk",150,39304252,6400,27.085,12:15 pm,0,47.4,1.3,0,48.6,0,100,0,
"Hoshino, Rikuya","Rikuya Hoshino",150,39304251,6400,26.719,9:12 am,1,45.8,1.2,0,47,-0.09,100,0,
"Guerrier, Julien","Julien Guerrier",150,39304247,6400,26.343,12:48 pm,0,45.2,1.1,0,46.3,-0.14,100,0,
"Veerman, Johannes","Johannes Veerman",150,39304249,6400,26.618,9:01 am,1,46,1.2,0,47.1,-0.09,100,0.4072418375396102,
"Norris, Shaun","Shaun Norris",150,39304255,6400,25.896,12:37 pm,0,44.4,1,0,45.4,-0.19,100,0.6874168533435002,
"Lacroix, Frederic","Frederic Lacroix",150,39304253,6400,26.889,8:28 am,1,46.2,1.2,0,47.4,-0.07,100,0,
"Highsmith, Joe","Joe Highsmith",150,39304250,6400,26.901,8:06 am,1,46.8,1.2,0,48,-0.03,100,0.15588000790554005,
"Del Rey, Alejandro","Alejandro Del Rey",150,39304254,6400,26.349,9:01 am,1,44.5,1,0,45.5,-0.18,100,2.346164875251801,
"McGreevy, Max","Max McGreevy",150,39304248,6400,27.233,9:12 am,1,47.5,1.3,0,48.9,0.02,100,0,
"Bradbury, Dan","Dan Bradbury",150,39304261,6300,25.212,12:15 pm,0,43.6,0.9,0,44.5,-0.21,100,0,
"Dahmen, Joel","Joel Dahmen",150,39304258,6300,25.359,7:00 am,1,43.5,0.9,0,44.4,-0.22,100,0.4398287266515602,
"Walker, Danny","Danny Walker",150,39304264,6300,25.728,9:01 am,1,44.4,0.9,0,45.3,-0.16,100,0.04241455450100002,
"Von Dellingshausen, Nicolai","Nicolai Von Dellingshausen",150,39304259,6300,25.839,2:16 pm,0,44.7,1,0,45.7,-0.14,100,0.9104128776955203,
"Dean, Joe","Joe Dean",150,39304263,6300,24.188,9:12 am,1,41.2,0.7,0,41.9,-0.37,100,0,
"Molinari, Francesco","Francesco Molinari",150,39304256,6300,23.711,12:59 pm,0,40.3,0.6,0,41,-0.42,100,0,
"Coussaud, Ugo","Ugo Coussaud",150,39304262,6300,25.353,7:11 am,1,43.2,0.9,0,44.1,-0.24,100,0,
"Paul, Yannik","Yannik Paul",150,39304257,6300,24.216,8:50 am,1,41.2,0.7,0,41.9,-0.36,100,1.1042370002121504,
"Wiesberger, Bernd","Bernd Wiesberger",150,39304260,6300,22.135,7:11 am,1,37.8,0.5,0,38.3,-0.58,100,0.41846088774101015,
"Ford, David","David Ford",150,39304269,6200,23.593,2:27 pm,0,40,0.6,0,40.6,-0.41,100,0,
"Crocker, Sean","Sean Crocker",150,39304265,6200,25.818,7:11 am,1,44,1,0,45,-0.15,100,0,
"Waring, Paul","Paul Waring",150,39304272,6200,23.534,7:11 am,1,39.8,0.6,0,40.4,-0.42,100,0,
"Snedeker, Brandt","Brandt Snedeker",150,39304268,6200,23.896,9:01 am,1,40.4,0.7,0,41.1,-0.38,100,0,
"Willett, Danny","Danny Willett",150,39304270,6200,25.101,12:37 pm,0,42.8,0.8,0,43.6,-0.23,100,0,
"Elvira Mijares, Ignacio","Nacho Elvira",150,39304273,6200,24.852,8:39 am,1,42.3,0.8,0,43.2,-0.26,100,0,
"Clements, Todd","Todd Clements",150,39304267,6200,26.534,2:27 pm,0,45.7,1.1,0,46.8,-0.04,100,0,
"Siem, Marcel","Marcel Siem",150,39304266,6200,23.724,7:44 am,1,40.3,0.6,0,41,-0.39,100,0.4136984469348002,
"Katsuragawa, Yuto","Yuto Katsuragawa",150,39304271,6200,25.725,2:16 pm,0,43.6,0.9,0,44.5,-0.18,100,0,
"Frittelli, Dylan","Dylan Frittelli",150,39304281,6100,23.560,7:22 am,1,40.3,0.6,0,40.9,-0.36,100,0,
"Wu, Ashun","Ashun Wu",150,39304274,6100,24.198,1:32 pm,0,41.1,0.7,0,41.8,-0.31,100,0.13740515730158007,
"Van Driel, Darius","Darius Van Driel",150,39304280,6100,23.027,7:11 am,1,39.5,0.6,0,40.1,-0.41,100,0,
"Cockerill, Aaron","Aaron Cockerill",150,39304277,6100,24.476,9:12 am,1,41.7,0.8,0,42.5,-0.26,100,0,
"Larrazabal, Pablo","Pablo Larrazabal",150,39304283,6100,21.169,12:26 pm,0,36,0.4,0,36.4,-0.62,100,0,
"Otaegui, Adrian","Adrian Otaegui",150,39304278,6100,22.519,1:10 pm,0,38.8,0.5,0,39.3,-0.45,100,0,
"Smylie, Elvis","Elvis Smylie",150,39304276,6100,23.780,8:39 am,1,40.3,0.6,0,40.9,-0.36,100,0.10207427648235004,
"Hidalgo, Angel","Angel Hidalgo",150,39304282,6100,22.227,9:01 am,1,38.2,0.5,0,38.7,-0.49,100,0,
"Migliozzi, Guido","Guido Migliozzi",150,39304275,6100,23.381,7:22 am,1,39.7,0.6,0,40.3,-0.39,100,0.19201932933278007,
"Ravetto, David","David Ravetto",150,39304279,6100,25.292,8:50 am,1,43.3,0.9,0,44.2,-0.17,100,0,
"Johnston, Ryggs","Ryggs Johnston",150,39304284,6000,21.156,9:12 am,1,36.2,0.4,0,36.6,-0.58,100,0,
"Kim, Hongtaek","Hongtaek Kim",150,39304292,6000,18.940,9:12 am,1,32.7,0.2,0,32.9,-0.79,100,0,
"Lee, Junghwan","Junghwan Lee",150,39304287,6000,20.619,2:27 pm,0,35.4,0.3,0,35.7,-0.63,100,0,
"Strydom, Ockie","Ockie Strydom",150,39304293,6000,16.277,7:00 am,1,29.4,0.1,0,29.5,-1,100,0,
"Whitnell, Dale","Dale Whitnell",150,39304291,6000,20.436,1:43 pm,0,35.2,0.3,0,35.5,-0.65,100,0,
"Naidoo, Dylan","Dylan Naidoo",150,39304290,6000,21.773,2:05 pm,0,37.1,0.4,0,37.5,-0.53,100,0,
"Forsstrom, Simon","Simon Forsstrom",150,39304286,6000,22.301,1:21 pm,0,38,0.5,0,38.5,-0.47,100,0,
"Gumberg, Jordan","Jordan Gumberg",150,39304289,6000,19.979,12:15 pm,0,34.4,0.3,0,34.7,-0.69,100,0,
"Cho, Wooyoung","Wooyoung Cho",150,39304285,6000,20.003,2:16 pm,0,34.4,0.3,0,34.7,-0.69,100,0,
"Donald, Luke","Luke Donald",150,39304288,6000,19.383,12:59 pm,0,33.4,0.3,0,33.7,-0.75,100,0,
