player_name,sample_size,DG_odds,bet365_odds,bet365_ev,fanduel_odds,fanduel_ev,draftkings_odds,draftkings_ev,betcris_odds,betcris_ev,caesars_odds,caesars_ev,betway_odds,betway_ev,bovada_odds,bovada_ev,betonline_odds,betonline_ev,unibet_odds,unibet_ev,betmgm_odds,betmgm_ev,betfair_odds,betfair_ev,pinnacle_odds,pinnacle_ev
"Thorbjornsen, Michael",150,+116,-130,-0.179,+105,-0.049,+105,-0.049,,0.00,+105,-0.049,-125,-0.165,-135,-0.192,-110,-0.114,+105,-0.049,-133,-0.188,,0.00,,0.00
"Hoey, Rico",150,+145,+130,-0.061,+130,-0.061,+130,-0.061,,0.00,+130,-0.061,+125,-0.082,-105,-0.203,+110,-0.143,+120,-0.102,+100,-0.184,,0.00,,0.00
"Grillo, Emiliano",150,+148,+105,-0.172,+115,-0.132,+115,-0.132,,0.00,+115,-0.132,+110,-0.152,-125,-0.273,+110,-0.152,+105,-0.172,+100,-0.192,,0.00,,0.00
"Koivun, Jackson",150,+155,+105,-0.196,+130,-0.098,+130,-0.098,,0.00,+115,-0.157,+125,-0.117,-105,-0.234,+110,-0.176,+125,-0.117,+110,-0.176,,0.00,,0.00
"Roy, Kevin",150,+144,+110,-0.138,+115,-0.118,+115,-0.118,,0.00,+115,-0.118,+110,-0.138,-125,-0.261,+110,-0.138,+110,-0.138,+100,-0.179,,0.00,,0.00
"Whaley, Vince",150,+160,+150,-0.039,+140,-0.078,+140,-0.078,,0.00,+140,-0.078,+138,-0.085,+105,-0.212,+125,-0.135,+138,-0.085,+137,-0.089,,0.00,,0.00
"Hubbard, Mark",150,+175,+130,-0.163,+140,-0.126,+140,-0.126,,0.00,+140,-0.126,+130,-0.163,+115,-0.217,+130,-0.163,+120,-0.199,+125,-0.181,,0.00,,0.00
"Hossler, Beau",150,+214,+163,-0.163,+160,-0.173,+160,-0.173,,0.00,+125,-0.284,+162,-0.166,+125,-0.284,+150,-0.204,+138,-0.243,+140,-0.236,,0.00,,0.00
"Fishburn, Patrick",150,+238,+170,-0.202,+180,-0.172,+180,-0.172,,0.00,+180,-0.172,+162,-0.225,+115,-0.364,+160,-0.231,+150,-0.261,+150,-0.261,,0.00,,0.00
"Ventura, Kris",150,+260,+210,-0.138,+210,-0.138,+210,-0.138,,0.00,+190,-0.194,+188,-0.199,+175,-0.235,+150,-0.305,+188,-0.199,+180,-0.221,,0.00,,0.00
"Champ, Cameron",150,+253,+150,-0.292,+160,-0.263,+160,-0.263,,0.00,+160,-0.263,+150,-0.292,+115,-0.391,+165,-0.249,+150,-0.292,+140,-0.320,,0.00,,0.00
"Power, Seamus",150,+266,+180,-0.234,+190,-0.207,+190,-0.207,,0.00,+190,-0.207,+175,-0.248,+140,-0.344,+165,-0.275,+150,-0.316,+160,-0.289,,0.00,,0.00
"Kanaya, Takumi",150,+268,+275,0.018,+270,0.004,+275,0.018,,0.00,+275,0.018,+250,-0.050,+240,-0.077,+175,-0.254,+250,-0.050,+250,-0.050,,0.00,,0.00
"Ryder, Sam",150,+282,+240,-0.110,+210,-0.188,+210,-0.188,,0.00,+210,-0.188,+200,-0.215,+175,-0.280,+180,-0.267,+175,-0.280,+200,-0.215,,0.00,,0.00
"Fisk, Steven",150,+273,+280,0.018,+230,-0.116,+230,-0.116,,0.00,+230,-0.116,+210,-0.170,+190,-0.223,+185,-0.237,+200,-0.197,+188,-0.229,,0.00,,0.00
"Cummins, Quade",150,+287,+250,-0.095,+220,-0.172,+225,-0.159,,0.00,+225,-0.159,+210,-0.198,+190,-0.250,+220,-0.172,+200,-0.224,+200,-0.224,,0.00,,0.00
"Castillo, Ricky",150,+312,+240,-0.174,+230,-0.198,+230,-0.198,,0.00,+230,-0.198,+210,-0.247,+190,-0.295,+220,-0.222,+200,-0.271,+200,-0.271,,0.00,,0.00
"Kim, Chan",150,+310,+250,-0.146,+240,-0.171,+240,-0.171,,0.00,+240,-0.171,+225,-0.207,+210,-0.244,+230,-0.195,+188,-0.298,+200,-0.268,,0.00,,0.00
"Ayora, Angel",150,+312,+275,-0.090,+240,-0.175,+240,-0.175,,0.00,+240,-0.175,+250,-0.151,+210,-0.248,+225,-0.212,+225,-0.212,+240,-0.175,,0.00,,0.00
"Young, Carson",150,+309,+210,-0.241,+220,-0.217,+225,-0.205,,0.00,+180,-0.315,+200,-0.266,+160,-0.364,+230,-0.192,+188,-0.295,+175,-0.327,,0.00,,0.00
"Phillips, Chandler",150,+309,+240,-0.168,+220,-0.217,+220,-0.217,,0.00,+220,-0.217,+210,-0.242,+175,-0.327,+220,-0.217,+175,-0.327,+188,-0.295,,0.00,,0.00
"Springer, Hayden",150,+315,+275,-0.096,+260,-0.132,+260,-0.132,,0.00,+260,-0.132,+250,-0.156,+225,-0.217,+250,-0.156,+250,-0.156,+260,-0.132,,0.00,,0.00
"Kim, S.H.",150,+327,+210,-0.275,+220,-0.251,+220,-0.251,,0.00,+220,-0.251,+200,-0.298,+160,-0.392,+200,-0.298,+175,-0.357,+188,-0.326,,0.00,,0.00
"Svensson, Adam",150,+317,+300,-0.042,+270,-0.114,+275,-0.102,,0.00,+275,-0.102,+275,-0.102,+240,-0.186,+250,-0.162,+225,-0.221,+275,-0.102,,0.00,,0.00
"List, Luke",150,+318,+320,0.004,+260,-0.140,+260,-0.140,,0.00,+260,-0.140,+275,-0.104,+225,-0.223,+250,-0.164,+250,-0.164,+300,-0.044,,0.00,,0.00
"Sigg, Greyson",150,+347,+320,-0.060,+300,-0.105,+300,-0.105,,0.00,+300,-0.105,+300,-0.105,+270,-0.172,+275,-0.161,+335,-0.026,+320,-0.060,,0.00,,0.00
"Bramlett, Joseph",150,+338,+300,-0.086,+250,-0.200,+250,-0.200,,0.00,+250,-0.200,+250,-0.200,+190,-0.337,+230,-0.246,+200,-0.315,+230,-0.246,,0.00,,0.00
"Paul, Jeremy",150,+344,+300,-0.098,+280,-0.143,+280,-0.143,,0.00,+280,-0.143,+275,-0.154,+225,-0.267,+275,-0.154,+275,-0.154,+275,-0.154,,0.00,,0.00
"Mouw, William",150,+361,+275,-0.186,+280,-0.175,+280,-0.175,,0.00,+280,-0.175,+275,-0.186,+240,-0.262,+230,-0.284,+275,-0.186,+275,-0.186,,0.00,,0.00
"Gordon, Will",150,+402,+375,-0.053,+320,-0.163,+320,-0.163,,0.00,+320,-0.163,+333,-0.137,+310,-0.183,+300,-0.203,+350,-0.103,+333,-0.137,,0.00,,0.00
"Rosenmueller, Thomas",150,+370,+333,-0.078,+330,-0.084,+330,-0.084,,0.00,+330,-0.084,+333,-0.078,+290,-0.170,+275,-0.202,+350,-0.042,+333,-0.078,,0.00,,0.00
"Kohles, Ben",150,+385,+300,-0.174,+330,-0.113,+330,-0.113,,0.00,+330,-0.113,+333,-0.106,+290,-0.195,+300,-0.174,+335,-0.102,+320,-0.133,,0.00,,0.00
"Kobori, Kazuma",150,+385,+333,-0.106,+330,-0.113,+330,-0.113,,0.00,+330,-0.113,+333,-0.106,+290,-0.195,+300,-0.174,+335,-0.102,+320,-0.133,,0.00,,0.00
"Hadwin, Adam",150,+413,+300,-0.220,+320,-0.181,+320,-0.181,,0.00,+320,-0.181,+300,-0.220,+240,-0.337,+300,-0.220,+250,-0.317,+300,-0.220,,0.00,,0.00
"Meissner, Mac",150,+383,+320,-0.131,+280,-0.214,+280,-0.214,,0.00,+280,-0.214,+300,-0.173,+270,-0.235,+275,-0.224,+275,-0.224,+300,-0.173,,0.00,,0.00
"Garnett, Brice",150,+430,+333,-0.184,+330,-0.189,+330,-0.189,,0.00,+330,-0.189,+333,-0.184,+310,-0.227,+300,-0.246,+350,-0.152,+320,-0.208,,0.00,,0.00
"Ding, Wenyi",150,+423,+375,-0.092,+360,-0.121,+360,-0.121,,0.00,+360,-0.121,+350,-0.140,+310,-0.216,+275,-0.283,+375,-0.092,+275,-0.283,,0.00,,0.00
"Griffin, Lanto",150,+414,+333,-0.157,+320,-0.182,+320,-0.182,,0.00,+320,-0.182,+333,-0.157,+290,-0.241,+300,-0.221,+335,-0.153,+320,-0.182,,0.00,,0.00
"Suber, Jackson",150,+409,+275,-0.263,+300,-0.214,+300,-0.214,,0.00,+300,-0.214,+275,-0.263,+225,-0.362,+300,-0.214,+250,-0.312,+250,-0.312,,0.00,,0.00
"Wu, Dylan",150,+408,+333,-0.147,+330,-0.153,+330,-0.153,,0.00,+330,-0.153,+333,-0.147,+290,-0.232,+300,-0.212,+275,-0.261,+320,-0.172,,0.00,,0.00
"Lower, Justin",150,+447,+320,-0.233,+300,-0.269,+300,-0.269,,0.00,+300,-0.269,+333,-0.209,+270,-0.324,+300,-0.269,+350,-0.178,+320,-0.233,,0.00,,0.00
"Ramey, Chad",150,+422,+275,-0.282,+280,-0.272,+280,-0.272,,0.00,+280,-0.272,+300,-0.234,+250,-0.329,+275,-0.282,+335,-0.167,+300,-0.234,,0.00,,0.00
"Armitage, Marcus",150,+466,+400,-0.116,+400,-0.116,+400,-0.116,,0.00,+400,-0.116,+400,-0.116,+350,-0.205,+300,-0.293,+350,-0.205,+375,-0.160,,0.00,,0.00
"Schenk, Adam",150,+461,+280,-0.323,+300,-0.287,+300,-0.287,,0.00,+300,-0.287,+300,-0.287,+240,-0.394,+300,-0.287,+275,-0.332,+275,-0.332,,0.00,,0.00
"Montgomery, Taylor",150,+508,+300,-0.342,+360,-0.243,+360,-0.243,,0.00,+300,-0.342,+350,-0.260,+290,-0.358,+300,-0.342,+350,-0.260,+320,-0.309,,0.00,,0.00
"Goodwin, Noah",150,+493,+475,-0.031,+450,-0.073,+450,-0.073,,0.00,+450,-0.073,+450,-0.073,+425,-0.115,+400,-0.157,+400,-0.157,+450,-0.073,,0.00,,0.00
"Higgs, Harry",150,+533,+275,-0.408,+330,-0.321,+330,-0.321,,0.00,+275,-0.408,+333,-0.316,+290,-0.384,+320,-0.337,+350,-0.289,+300,-0.368,,0.00,,0.00
"Hardy, Nick",150,+491,+400,-0.154,+330,-0.272,+330,-0.272,,0.00,+330,-0.272,+350,-0.239,+270,-0.374,+320,-0.289,+350,-0.239,+350,-0.239,,0.00,,0.00
"Olesen, Jacob Skov",150,+514,+475,-0.063,+400,-0.185,+400,-0.185,,0.00,+400,-0.185,+400,-0.185,+310,-0.332,,0.00,+400,-0.185,+400,-0.185,,0.00,,0.00
"Pak, John",150,+529,+550,0.034,+500,-0.046,+500,-0.046,,0.00,+500,-0.046,+500,-0.046,+500,-0.046,+400,-0.205,+500,-0.046,+400,-0.205,,0.00,,0.00
"Laird, Martin",150,+532,+400,-0.209,+360,-0.272,+360,-0.272,,0.00,+360,-0.272,+400,-0.209,+350,-0.288,+400,-0.209,+400,-0.209,+400,-0.209,,0.00,,0.00
"Bryant, Davis",150,+560,+550,-0.015,+450,-0.167,+450,-0.167,,0.00,+450,-0.167,+450,-0.167,+425,-0.205,+400,-0.242,+450,-0.167,+400,-0.242,,0.00,,0.00
"Blair, Zac",150,+514,+550,0.059,+450,-0.104,+450,-0.104,,0.00,+380,-0.218,+450,-0.104,+425,-0.145,+400,-0.186,+450,-0.104,+400,-0.186,,0.00,,0.00
"Cone, Trevor",150,+532,+400,-0.209,+400,-0.209,+400,-0.209,,0.00,+400,-0.209,+400,-0.209,+350,-0.288,+400,-0.209,+400,-0.209,+400,-0.209,,0.00,,0.00
"Skinns, David",150,+562,+400,-0.245,+400,-0.245,+400,-0.245,,0.00,+400,-0.245,+400,-0.245,+425,-0.207,+400,-0.245,+400,-0.245,+400,-0.245,,0.00,,0.00
"Robinson-Thompson, Brandon",150,+532,+400,-0.209,+360,-0.272,+360,-0.272,,0.00,+360,-0.272,+350,-0.288,+310,-0.351,+375,-0.248,+375,-0.248,+375,-0.248,,0.00,,0.00
"Silverman, Ben",150,+560,+375,-0.280,+360,-0.303,+360,-0.303,,0.00,+360,-0.303,+350,-0.318,+350,-0.318,+375,-0.280,+375,-0.280,+375,-0.280,,0.00,,0.00
"Zanotti, Fabrizio",150,+550,+475,-0.116,+400,-0.231,+400,-0.231,,0.00,+400,-0.231,+400,-0.231,+425,-0.193,+400,-0.231,+350,-0.308,+400,-0.231,,0.00,,0.00
"Lipsky, David",150,+527,+375,-0.243,+400,-0.203,+400,-0.203,,0.00,+400,-0.203,+350,-0.282,+350,-0.282,+375,-0.243,+375,-0.243,+320,-0.330,,0.00,,0.00
"Cantero Gutierrez, Ivan",150,+590,+400,-0.275,+400,-0.275,+400,-0.275,,0.00,,0.00,+400,-0.275,+350,-0.348,+400,-0.275,+400,-0.275,+400,-0.275,,0.00,,0.00
"Martin, Ben",150,+553,+400,-0.235,+360,-0.296,+360,-0.296,,0.00,+360,-0.296,+400,-0.235,+350,-0.311,+400,-0.235,+400,-0.235,+400,-0.235,,0.00,,0.00
"Russell, Miles",106,+641,+550,-0.123,+550,-0.123,,0.00,,0.00,,0.00,+550,-0.123,+500,-0.190,+450,-0.258,+500,-0.190,+550,-0.123,,0.00,,0.00
"Aphibarnrat, Kiradech",150,+634,+475,-0.217,+450,-0.251,+450,-0.251,,0.00,+450,-0.251,+450,-0.251,+425,-0.285,+450,-0.251,+450,-0.251,+450,-0.251,,0.00,,0.00
"Pavan, Andrea",150,+610,+400,-0.296,+400,-0.296,+400,-0.296,,0.00,+400,-0.296,+400,-0.296,+350,-0.367,+400,-0.296,+400,-0.296,+400,-0.296,,0.00,,0.00
"Kizzire, Patton",150,+660,+475,-0.243,+450,-0.276,+450,-0.276,,0.00,+450,-0.276,+450,-0.276,+425,-0.309,+450,-0.276,+450,-0.276,+450,-0.276,,0.00,,0.00
"Jamieson, Scott",150,+715,+550,-0.202,+550,-0.202,+550,-0.202,,0.00,+550,-0.202,+500,-0.263,+425,-0.356,+450,-0.325,+450,-0.325,+500,-0.263,,0.00,,0.00
"Dantorp, Jens",150,+681,+600,-0.104,+600,-0.104,+600,-0.104,,0.00,+600,-0.104,+600,-0.104,+500,-0.232,+600,-0.104,+500,-0.232,+450,-0.296,,0.00,,0.00
"Duncan, Tyler",150,+683,+475,-0.266,+400,-0.362,+400,-0.362,,0.00,+400,-0.362,+450,-0.298,+425,-0.330,+450,-0.298,+450,-0.298,+450,-0.298,,0.00,,0.00
"Halvorsen, Andreas",150,+654,+550,-0.138,+500,-0.205,+500,-0.205,,0.00,+500,-0.205,+500,-0.205,+500,-0.205,+550,-0.138,+400,-0.337,+500,-0.205,,0.00,,0.00
"Kieffer, Maximilian",150,+697,+475,-0.279,,0.00,+500,-0.247,,0.00,+500,-0.247,+500,-0.247,,0.00,+550,-0.184,+400,-0.373,+500,-0.247,,0.00,,0.00
"Buckley, Hayden",150,+754,+600,-0.180,+550,-0.238,+550,-0.238,,0.00,+550,-0.238,+600,-0.180,+600,-0.180,+600,-0.180,+650,-0.121,+600,-0.180,,0.00,,0.00
"Noh, S.Y.",150,+720,+375,-0.421,+360,-0.439,+360,-0.439,,0.00,+360,-0.439,+350,-0.451,+310,-0.500,+375,-0.421,+350,-0.451,+350,-0.451,,0.00,,0.00
"Gouveia, Ricardo",150,+730,+600,-0.157,+550,-0.217,+550,-0.217,,0.00,+550,-0.217,+600,-0.157,+600,-0.157,+600,-0.157,+500,-0.277,+600,-0.157,,0.00,,0.00
"Widing, Tim",150,+754,+475,-0.327,+500,-0.297,+500,-0.297,,0.00,+500,-0.297,+450,-0.356,+425,-0.385,+450,-0.356,+450,-0.356,+450,-0.356,,0.00,,0.00
"NeSmith, Matt",150,+786,+650,-0.154,+600,-0.210,+600,-0.210,,0.00,+600,-0.210,+600,-0.210,+600,-0.210,+600,-0.210,+500,-0.323,+600,-0.210,,0.00,,0.00
"Vaillant, Tom",150,+775,+600,-0.200,+550,-0.257,+550,-0.257,,0.00,+550,-0.257,+550,-0.257,+600,-0.200,+600,-0.200,+500,-0.314,+550,-0.257,,0.00,,0.00
"Piercy, Scott",150,+788,+550,-0.268,+550,-0.268,+550,-0.268,,0.00,+550,-0.268,+500,-0.324,+500,-0.324,+475,-0.352,+400,-0.437,+500,-0.324,,0.00,,0.00
"Elvira, Manuel",150,+884,+600,-0.289,+550,-0.339,+550,-0.339,,0.00,+550,-0.339,+600,-0.289,+550,-0.339,+600,-0.289,+650,-0.238,+450,-0.441,,0.00,,0.00
"Shinkwin, Callum",150,+930,+550,-0.369,+550,-0.369,+550,-0.369,,0.00,+550,-0.369,+550,-0.369,+500,-0.418,+550,-0.369,+500,-0.418,+500,-0.418,,0.00,,0.00
"Dickson, Taylor",150,+911,+900,-0.011,+800,-0.110,+800,-0.110,,0.00,+800,-0.110,+800,-0.110,+1000,0.088,,0.00,+800,-0.110,+800,-0.110,,0.00,,0.00
"Velo, Kevin",150,+948,+550,-0.380,+550,-0.380,+550,-0.380,,0.00,+550,-0.380,+550,-0.380,+550,-0.380,+550,-0.380,+500,-0.428,+550,-0.380,,0.00,,0.00
"Kinhult, Marcus",150,+920,+750,-0.166,+700,-0.215,+700,-0.215,,0.00,+700,-0.215,+700,-0.215,+600,-0.314,,0.00,+500,-0.412,+600,-0.314,,0.00,,0.00
"Peterson, Paul",150,+804,+750,-0.060,+650,-0.171,+650,-0.171,,0.00,+650,-0.171,+650,-0.171,+700,-0.115,,0.00,+500,-0.336,+600,-0.226,,0.00,,0.00
"Malnati, Peter",150,+997,+750,-0.225,+750,-0.225,+750,-0.225,,0.00,+750,-0.225,+750,-0.225,+900,-0.088,,0.00,+650,-0.316,+750,-0.225,,0.00,,0.00
"Jarvis, Casey",150,+880,+600,-0.286,+600,-0.286,+600,-0.286,,0.00,+600,-0.286,+650,-0.235,+600,-0.286,+600,-0.286,+650,-0.235,+650,-0.235,,0.00,,0.00
"Onishi, Kaito",150,+1074,+900,-0.148,+800,-0.233,+800,-0.233,,0.00,+800,-0.233,+800,-0.233,+750,-0.276,,0.00,+800,-0.233,+800,-0.233,,0.00,,0.00
"Teater, Josh",150,+948,+550,-0.380,+600,-0.332,+600,-0.332,,0.00,+600,-0.332,+650,-0.284,+550,-0.380,+550,-0.380,+650,-0.284,+600,-0.332,,0.00,,0.00
"Green, Gavin",150,+1017,+600,-0.374,+500,-0.463,+500,-0.463,,0.00,+500,-0.463,+500,-0.463,+500,-0.463,+600,-0.374,+500,-0.463,+450,-0.508,,0.00,,0.00
"Scrivener, Jason",150,+852,+550,-0.317,+550,-0.317,+550,-0.317,,0.00,+550,-0.317,+550,-0.317,+500,-0.370,+550,-0.317,+450,-0.422,+500,-0.370,,0.00,,0.00
"Riedel, Matthew",150,+916,+750,-0.164,+700,-0.213,+700,-0.213,,0.00,+700,-0.213,+700,-0.213,+600,-0.311,,0.00,+500,-0.410,+600,-0.311,,0.00,,0.00
"Cabrera Bello, Rafa",150,+963,+600,-0.342,+750,-0.201,+750,-0.201,,0.00,+750,-0.201,+750,-0.201,+750,-0.201,,0.00,,0.00,+550,-0.389,,0.00,,0.00
"Burgoon, Bronson",150,+1056,+900,-0.135,+800,-0.221,+800,-0.221,,0.00,+800,-0.221,+800,-0.221,+900,-0.135,,0.00,+650,-0.351,+600,-0.394,,0.00,,0.00
"Senior, Jack",150,+1012,+750,-0.236,+650,-0.326,+650,-0.326,,0.00,+650,-0.326,+700,-0.281,+600,-0.371,+600,-0.371,+500,-0.461,+700,-0.281,,0.00,,0.00
"Gomez, Fabian",150,+1046,+750,-0.259,+600,-0.389,+600,-0.389,,0.00,+600,-0.389,+800,-0.215,+750,-0.259,+600,-0.389,+650,-0.346,+750,-0.259,,0.00,,0.00
"Purcell, Conor",150,+1088,+900,-0.158,+750,-0.284,+750,-0.284,,0.00,+750,-0.284,+800,-0.242,+900,-0.158,,0.00,+500,-0.495,+750,-0.284,,0.00,,0.00
"Campos, Rafael",150,+1167,+900,-0.211,+800,-0.289,+800,-0.289,,0.00,+800,-0.289,+900,-0.211,+750,-0.329,,0.00,+800,-0.289,+850,-0.250,,0.00,,0.00
"Wilson, Andrew",150,+1188,+750,-0.340,+700,-0.379,+700,-0.379,,0.00,+700,-0.379,+800,-0.301,+750,-0.340,,0.00,+800,-0.301,+800,-0.301,,0.00,,0.00
"Merritt, Troy",150,+1173,+750,-0.332,+750,-0.332,+750,-0.332,,0.00,+750,-0.332,+800,-0.293,+750,-0.332,,0.00,+800,-0.293,+800,-0.293,,0.00,,0.00
"Wu, Brandon",150,+1141,+1000,-0.113,+800,-0.275,+800,-0.275,,0.00,+800,-0.275,+850,-0.234,+750,-0.315,,0.00,+800,-0.275,+650,-0.395,,0.00,,0.00
"Williams, Robin",150,+1124,+750,-0.306,+700,-0.346,+700,-0.346,,0.00,+700,-0.346,+700,-0.346,+750,-0.306,,0.00,+650,-0.387,+750,-0.306,,0.00,,0.00
"Yuan, Carl",150,+1397,+750,-0.432,+750,-0.432,+750,-0.432,,0.00,+600,-0.532,+900,-0.332,+900,-0.332,,0.00,+1100,-0.198,+900,-0.332,,0.00,,0.00
"Del Solar, Cristobal",150,+1163,+750,-0.327,+650,-0.406,+650,-0.406,,0.00,+650,-0.406,+650,-0.406,+600,-0.446,,0.00,+650,-0.406,+500,-0.525,,0.00,,0.00
"Reavie, Chez",150,+1350,+900,-0.310,+800,-0.379,+800,-0.379,,0.00,+800,-0.379,+900,-0.310,+1000,-0.241,,0.00,+1100,-0.172,+900,-0.310,,0.00,,0.00
"Tarren, Callum",150,+1354,+475,-0.605,+600,-0.519,+600,-0.519,,0.00,+600,-0.519,+550,-0.553,+550,-0.553,+700,-0.450,+500,-0.587,+500,-0.587,,0.00,,0.00
"Hahn, James",150,+1615,+1000,-0.358,+1100,-0.300,+1100,-0.300,,0.00,+1100,-0.300,+1100,-0.300,+1400,-0.125,,0.00,+1100,-0.300,+1200,-0.242,,0.00,,0.00
"Albertson, Anders",150,+1396,+1000,-0.265,+1000,-0.265,+1000,-0.265,,0.00,+1000,-0.265,+1000,-0.265,+900,-0.332,,0.00,+800,-0.399,+1000,-0.265,,0.00,,0.00
"Chappell, Kevin",150,+1711,+1000,-0.393,+900,-0.448,+900,-0.448,,0.00,+900,-0.448,+900,-0.448,+1000,-0.393,,0.00,+650,-0.586,+900,-0.448,,0.00,,0.00
"Brown, Hamish",150,+1403,+750,-0.434,+850,-0.368,+850,-0.368,,0.00,+850,-0.368,+850,-0.368,+900,-0.335,,0.00,+500,-0.601,+800,-0.401,,0.00,,0.00
"Chandler, Will",150,+1593,+900,-0.409,+1000,-0.350,+1000,-0.350,,0.00,+1000,-0.350,+1000,-0.350,+900,-0.409,,0.00,+1100,-0.291,+850,-0.439,,0.00,,0.00
"Thornberry, Braden",150,+1580,+900,-0.405,+900,-0.405,+900,-0.405,,0.00,+900,-0.405,+900,-0.405,+900,-0.405,,0.00,+1100,-0.286,+1000,-0.345,,0.00,,0.00
"Girrbach, Joel",150,+1420,+1000,-0.277,+1100,-0.211,+1100,-0.211,,0.00,+1100,-0.211,+1200,-0.145,+1400,-0.013,,0.00,+1400,-0.013,+1200,-0.145,,0.00,,0.00
"Byrd, Marcus",150,+1573,+1000,-0.343,+900,-0.402,+900,-0.402,,0.00,+900,-0.402,+1000,-0.343,+900,-0.402,,0.00,+1100,-0.283,+1000,-0.343,,0.00,,0.00
"Kisner, Kevin",150,+1931,+1400,-0.262,+1200,-0.360,+1200,-0.360,,0.00,+1200,-0.360,+1400,-0.262,+1400,-0.262,,0.00,+1400,-0.262,+1200,-0.360,,0.00,,0.00
"Levy, Alexander",150,+1743,+1400,-0.186,+1200,-0.295,+1200,-0.295,,0.00,+1200,-0.295,+1200,-0.295,+1400,-0.186,,0.00,+1100,-0.349,+900,-0.457,,0.00,,0.00
"Daffue, MJ",150,+1765,+600,-0.625,+850,-0.491,+850,-0.491,,0.00,+850,-0.491,+700,-0.571,+700,-0.571,+700,-0.571,+500,-0.678,+650,-0.598,,0.00,,0.00
"Andersen, Mason",150,+1685,+1100,-0.328,+900,-0.440,+900,-0.440,,0.00,+900,-0.440,+1000,-0.384,+1100,-0.328,,0.00,+1400,-0.160,+1100,-0.328,,0.00,,0.00
"Lindberg, Mikael",150,+1861,+1100,-0.388,+1200,-0.337,+1200,-0.337,,0.00,+1200,-0.337,+1200,-0.337,+1400,-0.235,,0.00,+1100,-0.388,+1200,-0.337,,0.00,,0.00
"De Bruyn, Jannik",150,+1912,+1400,-0.254,+1200,-0.354,+1200,-0.354,,0.00,+1200,-0.354,+1200,-0.354,+1200,-0.354,,0.00,+800,-0.553,+1200,-0.354,,0.00,,0.00
"Capan III, Frankie",150,+1858,+900,-0.489,+800,-0.540,+800,-0.540,,0.00,+800,-0.540,+900,-0.489,+1000,-0.438,,0.00,+1100,-0.387,+1000,-0.438,,0.00,,0.00
"Byrd, Jonathan",150,+1947,+1000,-0.463,+900,-0.512,+900,-0.512,,0.00,+900,-0.512,+1000,-0.463,+1100,-0.414,,0.00,+1400,-0.267,+1000,-0.463,,0.00,,0.00
"Aiken, Thomas",150,+2194,+1600,-0.259,+1600,-0.259,+1600,-0.259,,0.00,+1600,-0.259,+1400,-0.346,+2000,-0.085,,0.00,+1400,-0.346,+1400,-0.346,,0.00,,0.00
"Sterne, Richard",150,+2029,+1000,-0.483,+1000,-0.483,+1000,-0.483,,0.00,+1000,-0.483,+1000,-0.483,+1000,-0.483,,0.00,+800,-0.577,+1000,-0.483,,0.00,,0.00
"Doyle, Brendon",150,+2159,+1400,-0.336,+1200,-0.424,+1200,-0.424,,0.00,+1200,-0.424,+1200,-0.424,+1400,-0.336,,0.00,+1400,-0.336,+1100,-0.469,,0.00,,0.00
"Watney, Nick",150,+2618,+1400,-0.448,+1200,-0.522,+1200,-0.522,,0.00,+1200,-0.522,+1200,-0.522,+1400,-0.448,,0.00,+1400,-0.448,+1200,-0.522,,0.00,,0.00
"Ko, Jeong Weon",150,+2602,+1400,-0.445,+1400,-0.445,+1400,-0.445,,0.00,+1400,-0.445,+1400,-0.445,+1400,-0.445,,0.00,+1400,-0.445,+1400,-0.445,,0.00,,0.00
"Jin, Zihao",150,+3279,+2200,-0.319,+2200,-0.319,+2200,-0.319,,0.00,+2200,-0.319,+2200,-0.319,+2500,-0.231,,0.00,+3000,-0.083,+2200,-0.319,,0.00,,0.00
"Garcia-Heredia, Alfredo",150,+3201,+1000,-0.667,+1200,-0.606,+1200,-0.606,,0.00,+1200,-0.606,+1200,-0.606,+1200,-0.606,,0.00,+1100,-0.636,+1200,-0.606,,0.00,,0.00
"Sharma, Shubhankar",150,+2546,+1000,-0.584,+1100,-0.546,+1100,-0.546,,0.00,+1100,-0.546,+1100,-0.546,+1100,-0.546,,0.00,+1100,-0.546,+1000,-0.584,,0.00,,0.00
"Baddeley, Aaron",150,+3292,+1200,-0.617,+1400,-0.558,+1400,-0.558,,0.00,+1400,-0.558,+1200,-0.617,+1100,-0.646,,0.00,+1100,-0.646,+1100,-0.646,,0.00,,0.00
"Cook, Austin",150,+3768,+2200,-0.405,+1800,-0.509,+1800,-0.509,,0.00,+1800,-0.509,+1800,-0.509,+2500,-0.328,,0.00,+1100,-0.690,+1400,-0.612,,0.00,,0.00
"Baldwin, Matthew",150,+4279,+1600,-0.612,+1600,-0.612,+1600,-0.612,,0.00,+1600,-0.612,+1400,-0.657,+1400,-0.657,,0.00,+1400,-0.657,+1400,-0.657,,0.00,,0.00
"Gainey, Tommy",150,+3741,+2200,-0.401,+1800,-0.505,+1800,-0.505,,0.00,+1800,-0.505,+1800,-0.505,+2500,-0.323,,0.00,+1400,-0.609,+1100,-0.688,,0.00,,0.00
"Sargent, Gordon",150,+3872,+400,-0.874,+360,-0.884,+360,-0.884,,0.00,+360,-0.884,+450,-0.862,+425,-0.868,+450,-0.862,+450,-0.862,+450,-0.862,,0.00,,0.00
"Moscatel, Joel",150,+4147,+2200,-0.458,+2200,-0.458,+2200,-0.458,,0.00,+2200,-0.458,+2500,-0.388,+2500,-0.388,,0.00,+3300,-0.199,+2800,-0.317,,0.00,,0.00
"O'Hair, Sean",150,+4712,+1000,-0.771,+1800,-0.605,+1800,-0.605,,0.00,+1800,-0.605,+1400,-0.688,+1600,-0.647,,0.00,+1400,-0.688,+1400,-0.688,,0.00,,0.00
"Akesson, Bjorn",150,+5476,+3000,-0.444,+1600,-0.695,+1600,-0.695,,0.00,+1600,-0.695,+3300,-0.390,+2500,-0.534,,0.00,+3300,-0.390,+2000,-0.623,,0.00,,0.00
"Knappe, Alexander",150,+7307,+4000,-0.446,+3000,-0.581,+3000,-0.581,,0.00,+3000,-0.581,+2800,-0.608,+2500,-0.649,,0.00,+3300,-0.541,+2800,-0.608,,0.00,,0.00
"Holmes, J.B.",150,+7777,+1600,-0.784,+1600,-0.784,+1600,-0.784,,0.00,+1600,-0.784,+1800,-0.759,+2500,-0.670,,0.00,+3300,-0.568,+1400,-0.810,,0.00,,0.00
"Brehm, Ryan",150,+5484,+2200,-0.588,+1800,-0.660,+1800,-0.660,,0.00,+1800,-0.660,+1800,-0.660,+2500,-0.534,,0.00,+1400,-0.731,+1400,-0.731,,0.00,,0.00
"Schwab, Matthias",150,+4693,+4000,-0.145,+2500,-0.458,+2500,-0.458,,0.00,+2500,-0.458,+3300,-0.291,+2500,-0.458,,0.00,+3300,-0.291,+1800,-0.604,,0.00,,0.00
"Gribble, Cody",150,+7334,+1400,-0.798,+1600,-0.771,+1600,-0.771,,0.00,+1600,-0.771,+1600,-0.771,+2000,-0.718,,0.00,+1400,-0.798,+1400,-0.798,,0.00,,0.00
"Dufner, Jason",150,+6597,+1000,-0.836,+1000,-0.836,+1000,-0.836,,0.00,+1000,-0.836,+1400,-0.776,+1400,-0.776,,0.00,+1400,-0.776,+1400,-0.776,,0.00,,0.00
"McNeill, George",150,+7517,+3000,-0.593,+2000,-0.724,+2000,-0.724,,0.00,+2000,-0.724,+3300,-0.554,+2500,-0.659,,0.00,+3300,-0.554,+2200,-0.698,,0.00,,0.00
"Musselman, Cooper",150,+7127,,0.00,+1200,-0.820,+1200,-0.820,,0.00,+1200,-0.820,+1100,-0.834,+1000,-0.848,,0.00,+1100,-0.834,+1000,-0.848,,0.00,,0.00
"Brun, Julien",150,+6047,+1600,-0.723,+1800,-0.691,+1800,-0.691,,0.00,+1800,-0.691,+1600,-0.723,+2500,-0.577,,0.00,+1400,-0.756,+1400,-0.756,,0.00,,0.00
"Haas, Bill",150,+6530,+1400,-0.774,+1800,-0.713,+1800,-0.713,,0.00,+1800,-0.713,+2800,-0.563,+2500,-0.608,,0.00,+3300,-0.487,+2800,-0.563,,0.00,,0.00
"Doyle, Drew",150,+8651,+2200,-0.737,+1100,-0.863,+1100,-0.863,,0.00,+1100,-0.863,+1100,-0.863,,0.00,,0.00,+1100,-0.863,,0.00,,0.00,,0.00
"Stuard, Brian",150,+6031,+2200,-0.625,+1600,-0.723,+1600,-0.723,,0.00,+1600,-0.723,+1800,-0.690,+2500,-0.576,,0.00,+1400,-0.755,+2000,-0.657,,0.00,,0.00
"Herman, Jim",150,+20638,+4000,-0.802,+4000,-0.802,+4000,-0.802,,0.00,+4000,-0.802,+4000,-0.802,+2500,-0.875,,0.00,+3300,-0.836,+3300,-0.836,,0.00,,0.00
"Overton, Jeff",150,+46252,+3000,-0.933,+5500,-0.879,+5500,-0.879,,0.00,+5500,-0.879,+4000,-0.912,+2500,-0.944,,0.00,+3300,-0.927,+2800,-0.937,,0.00,,0.00
"Stallings Jr., Stephen",150,+20986,+3000,-0.853,+1600,-0.919,+1600,-0.919,,0.00,+1600,-0.919,+3300,-0.839,+2500,-0.877,,0.00,+3300,-0.839,+1400,-0.929,,0.00,,0.00
"Barnes, Erik",150,Inf,+4000,-0.995,+12000,-0.986,+12000,-0.986,,0.00,+12500,-0.986,+4000,-0.995,+2500,-0.997,,0.00,+3300,-0.996,+4000,-0.995,,0.00,,0.00
"Trainer, Martin",150,Inf,,0.00,+20000,-0.945,+20000,-0.945,,0.00,+20000,-0.945,+4000,-0.989,+2500,-0.993,,0.00,+3300,-0.991,+3300,-0.991,,0.00,,0.00
"Iceman, Daniel",28,+19713,+4000,-0.793,+7000,-0.642,+7000,-0.642,,0.00,+7000,-0.642,+4000,-0.793,+2500,-0.869,,0.00,+3300,-0.828,+3300,-0.828,,0.00,,0.00
"Balcar, Michael",74,Inf,,0.00,+1400,-1.000,,0.00,,0.00,+1400,-1.000,+2800,-0.999,+2500,-0.999,,0.00,+3300,-0.999,+2500,-0.999,,0.00,,0.00
"Johnson, Carson",0,+116283,,0.00,+5500,-0.952,+5500,-0.952,,0.00,+5500,-0.952,+4000,-0.965,+2500,-0.978,,0.00,+3300,-0.971,+2500,-0.978,,0.00,,0.00
