name_p1,name_p2,fair_prob_p1,fair_prob_p2,fair_odds_p1,fair_odds_p2,betonline_p1,betonline_ev_p1,betcris_p1,betcris_ev_p1,pinnacle_p1,pinnacle_ev_p1,draftkings_p1,draftkings_ev_p1,bet365_p1,bet365_ev_p1,fanduel_p1,fanduel_ev_p1,betmgm_p1,betmgm_ev_p1,pointsbet_p1,pointsbet_ev_p1,bovada_p1,bovada_ev_p1,caesars_p1,caesars_ev_p1,unibet_p1,unibet_ev_p1
"Lowry, Shane","Aberg, Ludvig",0.5265,0.4735,-111,111,,,,,,,,,+100,0.5795,,,,,,,,,,,,
"Lowry, Shane","Aberg, Ludvig",0.5265,0.4735,-111,111,,,,,,,,,,,,,,,,,-125,0.4742,,,,
"Kim, Si Woo","Berger, Daniel",0.5068,0.4932,-103,103,,,,,,,,,+105,0.5457,,,,,,,,,,,,
"Kim, Si Woo","Berger, Daniel",0.5068,0.4932,-103,103,,,,,,,,,,,,,,,,,-105,0.4962,,,,
"Fitzpatrick, Matt","Burns, Sam",0.49,0.51,104,-104,,,,,,,,,-115,0.4062,,,,,,,,,,,,
"Fitzpatrick, Matt","Burns, Sam",0.49,0.51,104,-104,,,,,-102,0.4605,,,,,,,,,,,,,,,,
"Fleetwood, Tommy","Cantlay, Patrick",0.5081,0.4919,-103,103,,,,,,,,,+105,0.5497,,,,,,,,,,,,
"Fleetwood, Tommy","Cantlay, Patrick",0.5081,0.4919,-103,103,,,,,-133,0.3983,,,,,,,,,,,,,,,,
"Conners, Corey","Hovland, Viktor",0.526,0.474,-111,111,,,,,,,,,-115,0.5095,,,,,,,,,,,,
"Conners, Corey","Hovland, Viktor",0.526,0.474,-111,111,,,,,,,,,,,,,-133,0.4476,,,-135,0.4418,,,,
"English, Harris","Griffin, Ben",0.4635,0.5365,116,-116,,,,,,,,,-110,0.3483,,,,,,,,,,,,
"English, Harris","Griffin, Ben",0.4635,0.5365,116,-116,+110,0.4368,+106,0.4183,-101,0.3859,,,,,,,,,,,,,,,,
"Finau, Tony","Spieth, Jordan",0.4773,0.5227,110,-110,,,,,,,,,-110,0.3884,,,,,,,,,,,,
"Finau, Tony","Spieth, Jordan",0.4773,0.5227,110,-110,+102,0.4414,+102,0.4414,+103,0.4461,,,,,,,,,,,,,,,,
"Bradley, Keegan","Henley, Russell",0.5033,0.4967,-101,101,,,,,,,,,+100,0.51,,,,,,,,,,,,
"Bradley, Keegan","Henley, Russell",0.5033,0.4967,-101,101,-110,0.4642,-120,0.4261,-111,0.4601,,,,,,,,,,,,,,,,
"Matsuyama, Hideki","Straka, Sepp",0.5176,0.4824,-107,107,,,,,,,,,-115,0.4853,,,,,,,,,,,,
"Matsuyama, Hideki","Straka, Sepp",0.5176,0.4824,-107,107,,,,,-121,0.463,,,,,,,,,,,,,,,,
"Im, Sungjae","McCarthy, Denny",0.4771,0.5229,110,-110,,,,,,,,,-110,0.388,,,,,,,,,,,,
"Im, Sungjae","McCarthy, Denny",0.4771,0.5229,110,-110,,,,,,,,,,,,,,,,,-110,0.388,,,,
"Schauffele, Xander","Morikawa, Collin",0.5075,0.4925,-103,103,,,,,,,,,-110,0.4764,,,,,,,,,,,,
"Schauffele, Xander","Morikawa, Collin",0.5075,0.4925,-103,103,,,,,-104,0.503,,,,,,,,,,,,,,,,
"Thomas, Justin","Scheffler, Scottie",0.2843,0.7157,252,-252,,,,,,,,,+250,0.2793,,,,,,,,,,,,
"Thomas, Justin","Scheffler, Scottie",0.2843,0.7157,252,-252,,,,,+263,0.3162,,,,,,,,,,,,,,,,
"Fleetwood, Tommy","Scheffler, Scottie",0.3092,0.6908,223,-223,+290,0.515,+306,0.5645,,,,,,,,,,,,,,,,,,
"Thomas, Justin","Schauffele, Xander",0.4585,0.5415,118,-118,+102,0.3847,+103,0.3893,,,,,,,,,,,,,,,,,,
"Cantlay, Patrick","Morikawa, Collin",0.4866,0.5134,106,-106,+117,0.5424,+110,0.5084,,,,,,,,,,,,,,,,,,
"Hovland, Viktor","Aberg, Ludvig",0.5146,0.4854,-106,106,-129,0.4282,-131,0.4221,-118,0.4654,,,,,,,,,,,,,,,,
"Matsuyama, Hideki","Conners, Corey",0.4907,0.5093,104,-104,-105,0.4487,-116,0.4044,-108,0.4357,,,,,,,,,,,,,,,,
"Lowry, Shane","Berger, Daniel",0.4965,0.5035,101,-101,-105,0.4658,-110,0.4443,-105,0.4658,,,,,,,,,,,,,,,,
"Kim, Si Woo","Straka, Sepp",0.5231,0.4769,-110,110,-122,0.4749,-132,0.4424,,,,,,,,,,,,,,,,,,
"Fitzpatrick, Matt","McCarthy, Denny",0.4569,0.5431,119,-119,+117,0.4483,+105,0.3934,,,,,,,,,,,,,,,,,,
"Im, Sungjae","Burns, Sam",0.5104,0.4896,-104,104,-132,0.4074,-133,0.4045,-120,0.4461,,,,,,,,,,,,,,,,
"Rai, Aaron","MacIntyre, Robert",0.543,0.457,-119,119,-150,0.448,-145,0.4605,,,,,,,,,,,,,,,,,,
"Spaun, J.J.","Poston, J.T.",0.5113,0.4887,-105,105,-120,0.4487,-120,0.4487,-112,0.4791,,,,,,,,,,,,,,,,
"Lee, Min Woo","McNealy, Maverick",0.4483,0.5517,123,-123,+117,0.4213,+107,0.3764,+118,0.4258,,,,,,,,,,,,,,,,
"Noren, Alex","Homa, Max",0.5862,0.4138,-142,142,-165,0.5277,-176,0.5055,,,,,,,,,,,,,,,,,,
"Pendrith, Taylor","Thompson, Davis",0.5021,0.4979,-101,101,-115,0.4409,-116,0.4371,-108,0.4692,,,,,,,,,,,,,,,,
"Fowler, Rickie","Clark, Wyndham",0.5165,0.4835,-107,107,-115,0.4821,-121,0.4598,-124,0.4495,,,,,,,,,,,,,,,,
"Novak, Andrew","Bhatia, Akshay",0.5003,0.4997,-100,100,-110,0.4553,-109,0.4595,-117,0.4281,,,,,,,,,,,,,,,,
"Scott, Adam","An, Byeong Hun",0.5432,0.4568,-119,119,-144,0.4636,-152,0.4438,,,,,,,,,,,,,,,,,,
"Rose, Justin","Harman, Brian",0.4109,0.5891,143,-143,+132,0.3641,+139,0.3928,+124,0.3312,,,,,,,,,,,,,,,,
"Hughes, Mackenzie","Bezuidenhout, Christiaan",0.4674,0.5326,114,-114,+110,0.4489,+115,0.4723,,,,,,,,,,,,,,,,,,
"Cauley, Bud","Kim, Michael",0.5101,0.4899,-104,104,-122,0.4383,-130,0.4126,,,,,,,,,,,,,,,,,,
"Stevens, Sam","Gerard, Ryan",0.5114,0.4886,-105,105,-115,0.4676,-127,0.4256,-110,0.4878,,,,,,,,,,,,,,,,
"Jaeger, Stephan","Young, Cameron",0.5136,0.4864,-106,106,-122,0.4481,-122,0.4481,,,,,,,,,,,,,,,,,,
"Theegala, Sahith","Greyserman, Max",0.4705,0.5295,113,-113,+105,0.435,-108,0.3767,,,,,,,,,,,,,,,,,,
"Glover, Lucas","Cole, Eric",0.5033,0.4967,-101,101,-110,0.4642,-112,0.456,-119,0.4296,,,,,,,,,,,,,,,,
"Fox, Ryan","Detry, Thomas",0.491,0.509,104,-104,-105,0.4495,-106,0.4451,-112,0.4203,,,,,,,,,,,,,,,,
"Taylor, Nick","Eckroat, Austin",0.4854,0.5146,106,-106,-105,0.4332,-108,0.4204,,,,,,,,,,,,,,,,,,
"Kirk, Chris","Hoge, Tom",0.5252,0.4748,-111,111,-125,0.4707,-130,0.4545,-117,0.4994,,,,,,,,,,,,,,,,
"Highsmith, Joe","Bridgeman, Jacob",0.4765,0.5235,110,-110,+108,0.4678,+100,0.4296,,,,,,,,,,,,,,,,,,
"Vegas, Jhonattan","Schmid, Matti",0.4809,0.5191,108,-108,+100,0.4426,-113,0.3873,+103,0.457,,,,,,,,,,,,,,,,
"Kuchar, Matt","Davis, Cam",0.5559,0.4441,-125,125,-138,0.5145,-150,0.4823,,,,,,,,,,,,,,,,,,
"Pavon, Matthieu","Dunlap, Nick",0.6436,0.3564,-181,181,-213,0.5893,-203,0.6042,,,,,,,,,,,,,,,,,,
"Hadwin, Adam","Campbell, Brian",0.4829,0.5171,107,-107,+102,0.4582,-111,0.4007,,,,,,,,,,,,,,,,,,
"Snedeker, Brandt","Higgs, Harry",0.4846,0.5154,106,-106,+100,0.4537,-111,0.4057,,,,,,,,,,,,,,,,,,
"Hughes, Mackenzie","Kim, Michael",0.474,0.526,111,-111,,,,,+102,0.4315,,,,,,,,,,,,,,,,
"Lowry, Shane","Straka, Sepp",0.5128,0.4872,-105,105,,,,,-116,0.4676,,,,,,,,,,,,,,,,
"Kim, Si Woo","Rai, Aaron",0.5027,0.4973,-101,101,,,,,-118,0.4313,,,,,,,,,,,,,,,,
"Conners, Corey","Berger, Daniel",0.5106,0.4894,-104,104,,,,,-121,0.4433,,,,,,,,,,,,,,,,
"An, Byeong Hun","Jaeger, Stephan",0.4973,0.5027,101,-101,,,,,-119,0.4126,,,,,,,,,,,,,,,,
"Noren, Alex","Cauley, Bud",0.5105,0.4895,-104,104,,,,,-114,0.4688,,,,,,,,,,,,,,,,
"Fleetwood, Tommy","Thomas, Justin",0.5287,0.4713,-112,112,,,,,-136,0.4461,,,,,,,,,,,,,,,,
"Homa, Max","Greyserman, Max",0.4535,0.5465,121,-121,,,,,+111,0.4104,,,,,,,,,,,,,,,,
"Cantlay, Patrick","Schauffele, Xander",0.4791,0.5209,109,-109,,,,,-105,0.4144,,,,,,,,,,,,,,,,
"McCarthy, Denny","MacIntyre, Robert",0.5254,0.4746,-111,111,,,,,-117,0.5,,,,,,,,,,,,,,,,
"Spieth, Jordan","Hovland, Viktor",0.5004,0.4996,-100,100,,,,,-108,0.4641,,,,,,,,,,,,,,,,
"Kuchar, Matt","Taylor, Nick",0.5146,0.4854,-106,106,,,,,-114,0.4805,,,,,,,,,,,,,,,,
"Theegala, Sahith","Young, Cameron",0.5036,0.4964,-101,101,,,,,-112,0.4568,,,,,,,,,,,,,,,,
"Eckroat, Austin","Bridgeman, Jacob",0.521,0.479,-109,109,,,,,-130,0.4428,,,,,,,,,,,,,,,,
"Scheffler, Scottie","Morikawa, Collin",0.6861,0.3139,-219,219,,,,,-340,0.574,,,,,,,,,,,,,,,,
"Fitzpatrick, Matt","McNealy, Maverick",0.4699,0.5301,113,-113,,,,,-101,0.4051,,,,,,,,,,,,,,,,
"Scott, Adam","Bezuidenhout, Christiaan",0.4947,0.5053,102,-102,,,,,-109,0.4434,,,,,,,,,,,,,,,,
"Im, Sungjae","Aberg, Ludvig",0.4937,0.5063,103,-103,,,,,+103,0.4959,,,,,,,,,,,,,,,,
"Finau, Tony","McCarthy, Denny",0.4757,0.5243,110,-110,,,,,,,,,,,-105,0.4046,,,,,,,,,,
"Kim, Si Woo","Conners, Corey",0.4961,0.5039,102,-102,,,,,,,,,,,+110,0.538,,,,,,,,,,
"McNealy, Maverick","Burns, Sam",0.5201,0.4799,-108,108,,,,,,,,,,,-115,0.4926,,,,,,,,,,
"Noren, Alex","Bhatia, Akshay",0.5126,0.4874,-105,105,,,,,,,,,,,-120,0.4525,,,,,,,,,,
"Im, Sungjae","Rai, Aaron",0.4596,0.5404,118,-118,,,,,,,,,,,+105,0.4017,,,,,,,,,,
"Straka, Sepp","Fitzpatrick, Matt",0.5404,0.4596,-118,118,,,,,,,,,,,-140,0.4667,,,,,,,,,,
"Matsuyama, Hideki","Spieth, Jordan",0.5164,0.4836,-107,107,,,,,,,,,,,-115,0.4817,,,,,,,,,,
"Homa, Max","Novak, Andrew",0.4259,0.5741,135,-135,,,,,,,,,,,+130,0.4055,,,,,,,,,,
"Lowry, Shane","Thomas, Justin",0.5231,0.4769,-110,110,,,,,,,,,,,,,,,,,,,+115,0.6478,,
"Straka, Sepp","Berger, Daniel",0.4837,0.5163,107,-107,,,,,,,,,,,,,,,,,,,+100,0.4511,,
"Finau, Tony","Burns, Sam",0.509,0.491,-104,104,,,,,,,,,,,,,,,,,,,-130,0.4095,,
"Scheffler, Scottie","Schauffele, Xander",0.6794,0.3206,-212,212,,,,,,,,,,,,,,,,,,,-340,0.5586,,
"Cauley, Bud","Schmid, Matti",0.5435,0.4565,-119,119,,,,,,,,,,,,,,,,,,,-155,0.4377,,
"Spaun, J.J.","McCarthy, Denny",0.5028,0.4972,-101,101,,,,,,,,,,,,,,,,,,,-115,0.4428,,
"Thomas, Justin","Morikawa, Collin",0.466,0.534,115,-115,,,,,,,,,,,,,-105,0.3758,,,,,,,,
"Fleetwood, Tommy","Aberg, Ludvig",0.5321,0.4679,-114,114,,,,,,,,,,,,,-175,0.3682,,,,,,,,
"Finau, Tony","Kim, Si Woo",0.4555,0.5445,120,-120,,,,,,,,,,,,,+100,0.3666,,,,,,,,
"Spieth, Jordan","Berger, Daniel",0.485,0.515,106,-106,,,,,,,,,,,,,-105,0.4318,,,,,,,,
