dg_id,frl,make_cut,morning,player_name,pred,r1_w_adjust,r2_w_adjust,r3_w_adjust,sd,top_10,top_20,top_30,top_5,win
18417,0.04998333333333333,0.8659666666666667,1,scottie scheffler,2.57,-0.0304615384615383,0.0007692307692307,0,2.75951859909724,0.5095182270044775,0.6633402791421539,0.7477934537453289,0.3723143602693621,0.14506666666666668
12294,0.02575,0.7768166666666667,0,tommy fleetwood,1.768,0.0267692307692308,-0.0469230769230769,0,2.73330752247052,0.3060393998131498,0.4628907538757532,0.5726665298359064,0.18904922919672879,0.050666666666666665
10091,0.0244,0.7446166666666667,0,rory mcilroy,1.605,0.0147692307692308,-0.0269230769230769,0,2.80790350299405,0.26902975316350264,0.41952804195804233,0.5258319281725893,0.16227907828282795,0.04373333333333333
23323,0.02025,0.7392166666666666,1,robert macintyre,1.527,-0.0304615384615383,0.0007692307692307,0,2.74544199066421,0.2447202101602091,0.3965819108669108,0.5075961225348723,0.14185789201539178,0.034083333333333334
19895,0.017666666666666667,0.6981,0,xander schauffele,1.29,0.0147692307692308,-0.0269230769230769,0,2.78472087017508,0.20477818204943235,0.3434107890257894,0.449264224737681,0.11648629148629139,0.02695
22085,0.015416666666666667,0.6851833333333334,1,collin morikawa,1.242,-0.0424615384615383,0.0107692307692307,0,2.78423968162516,0.19196120490620508,0.32596150039775007,0.430930881456506,0.1086139357864356,0.024533333333333334
18841,0.015483333333333333,0.6700833333333334,0,viktor hovland,1.135,0.0147692307692308,-0.0269230769230769,0,2.79769759156791,0.17932612850112908,0.30711794811669835,0.4073852317630617,0.09920080086580076,0.0227
14139,0.015983333333333332,0.66285,1,justin thomas,1.114,-0.0184615384615383,-0.0092307692307692,0,2.86017670066327,0.17399372631997645,0.29941189745439745,0.4005244496979058,0.09713404761904765,0.0224
17646,0.0159,0.6738166666666666,0,matt fitzpatrick,1.147,-0.0092307692307691,0.0190769230769231,0,2.80053626970862,0.18078655779405797,0.3101220330132831,0.4116983731546228,0.1014018722943722,0.021766666666666667
23950,0.013883333333333333,0.6609666666666667,1,ludvig aberg,1.075,-0.0424615384615383,0.0107692307692307,0,2.80333433421513,0.16795677600177597,0.29270534995097536,0.393521760909298,0.09227655483405477,0.0205
6430,0.013133333333333334,0.6541666666666667,1,adam scott,1.056,-0.0304615384615383,0.0007692307692307,0,2.75457842239464,0.15858793225293213,0.2833512177637181,0.38739877731065264,0.08410179232804221,0.016866666666666665
11889,0.012866666666666667,0.6469333333333334,0,ryan fox,0.996,0.0027692307692308,0.003076923076923,0,2.76596794441906,0.148124321141821,0.2686673068598062,0.37197924278063993,0.07859740079365078,0.015833333333333335
23838,0.012216666666666667,0.6363333333333333,0,rasmus hojgaard,0.925,-0.0332307692307691,0.049076923076923,0,2.82408973848525,0.14194794441669445,0.25897916847041935,0.35945206777019306,0.0754973743386243,0.015366666666666667
27774,0.01145,0.6327333333333334,0,chris gotterup,0.902,-0.0092307692307691,0.0190769230769231,0,2.79502714373972,0.1374576436988938,0.25275906385281377,0.35324628910577444,0.0714325925925925,0.014883333333333333
20706,0.0126,0.63335,0,matt wallace,0.912,0.0027692307692308,0.003076923076923,0,2.79819269512907,0.13877269480519505,0.2559070152995157,0.3568954372710614,0.07159924603174603,0.0143
19483,0.011733333333333333,0.6186,1,sam burns,0.875,-0.0544615384615383,0.0207692307692307,0,2.80709643585597,0.13269875721500748,0.24416352323602386,0.3392926527652627,0.06978376503126496,0.0141
17576,0.01205,0.6327833333333334,1,corey conners,0.913,0.0175384615384615,-0.0192307692307692,0,2.76559976358911,0.13564706284456282,0.25254594308469364,0.35244028328153343,0.07020761243386239,0.0139
14577,0.010116666666666666,0.6244,0,harris english,0.845,-0.0212307692307691,0.0310769230769231,0,2.76040203692159,0.12627560726310752,0.2403216226366234,0.3411454464748212,0.06480810305435307,0.01315
23841,0.011766666666666667,0.6201666666666666,0,rasmus neergaard-petersen,0.835,-0.0332307692307691,0.037076923076923,0,2.80333433421513,0.12611693593443604,0.23693798423798473,0.3353996728162897,0.06598764550264542,0.012816666666666667
22465,0.011133333333333334,0.6015,0,marco penge,0.765,0.0507692307692306,-0.0669230769230769,0,2.80333433421513,0.1217450120250123,0.2245833764383769,0.3176526387963894,0.06225134920634917,0.012483333333333334
18554,0.011116666666666667,0.6232666666666666,1,aaron rai,0.859,0.0295384615384615,-0.0292307692307692,0,2.7431679899281,0.126676422928923,0.239077601865727,0.3375249809272977,0.06492648148148136,0.012316666666666667
27194,0.008933333333333333,0.6244666666666666,0,harry hall,0.863,-0.0332307692307691,0.037076923076923,0,2.71872088010718,0.1224325909738408,0.23511397350334853,0.3353944654188401,0.06033212301587301,0.011416666666666667
14609,0.00945,0.62305,0,si woo kim,0.843,-0.0452307692307691,0.055076923076923,0,2.74956191416538,0.12341976014726003,0.23489587602212622,0.3313148016580363,0.06224326839826838,0.01095
18634,0.011583333333333333,0.6048,1,maverick mcnealy,0.748,0.0415384615384615,-0.0192307692307692,0,2.79435520148476,0.11440365754615762,0.21972537383912394,0.3160405589549345,0.058128950216450245,0.010766666666666667
14459,0.010183333333333334,0.5839,0,byeong hun an,0.66,-0.0212307692307691,0.0310769230769231,0,2.81674514663518,0.10784171185296186,0.20673950942575983,0.2962622403984902,0.055077601010100986,0.010716666666666666
26850,0.010983333333333333,0.5970666666666666,0,jesper svensson,0.734,0.0507692307692306,-0.0669230769230769,0,2.80333433421513,0.11148989246864245,0.2159955741711991,0.3077780910987155,0.05564893518518524,0.010533333333333334
17536,0.009916666666666667,0.6045666666666667,0,j.j. spaun,0.761,0.0267692307692308,-0.0469230769230769,0,2.76672208600815,0.11422850524475542,0.21985429861804923,0.3174723868492616,0.056476124338624305,0.010516666666666667
14181,0.010166666666666666,0.58565,1,thomas detry,0.685,-0.0544615384615383,0.0207692307692307,0,2.82223359794812,0.10649502673252673,0.20505959898897413,0.29755393025955557,0.0534625859788359,0.0099
23465,0.0104,0.5966333333333333,0,max greyserman,0.726,0.0627692307692306,-0.0869230769230769,0,2.8095132400008,0.10875250314500318,0.2127827397139901,0.3072678296240791,0.05448806878306877,0.009666666666666667
17881,0.008633333333333333,0.5879,0,kevin yu,0.674,-0.0332307692307691,0.049076923076923,0,2.77120729457858,0.10325872729122729,0.20322699814074804,0.296227126785252,0.050886410533910596,0.009366666666666667
17780,0.0088,0.5896,0,taylor pendrith,0.663,-0.0332307692307691,0.049076923076923,0,2.75881151715872,0.10235589114589132,0.2019882061919568,0.29450770889377487,0.04987940476190472,0.009333333333333334
18586,0.01,0.5885,1,jordan smith,0.681,0.0295384615384615,-0.0292307692307692,0,2.77650941138921,0.10440370731120724,0.20439688371813408,0.29573556320993766,0.05116877645502642,0.009233333333333333
13412,0.009083333333333334,0.5877166666666667,1,thorbjorn olesen,0.69,-0.0064615384615385,-0.0192307692307692,0,2.76142082842303,0.10243286870536894,0.20285810166685156,0.2956179533470345,0.04994109788359785,0.0092
23602,0.009566666666666666,0.57305,1,nicolai hojgaard,0.596,0.0415384615384615,-0.0192307692307692,0,2.80371795391635,0.09691869107744094,0.19134224333536864,0.28041090983090916,0.04819565596440591,0.008616666666666667
15310,0.009933333333333334,0.54905,1,haotong li,0.484,0.0295384615384615,-0.0292307692307692,0,2.85203462473212,0.08815623677248678,0.17678571373071353,0.2586979839142344,0.04248306878306883,0.008416666666666666
17511,0.00855,0.572,1,sepp straka,0.596,-0.0184615384615383,-0.0092307692307692,0,2.78195900457481,0.09284839405964417,0.18773141765641754,0.27771537749695785,0.044445165343915335,0.007933333333333334
20730,0.00775,0.5795833333333333,0,victor perez,0.605,-0.0452307692307691,0.067076923076923,0,2.73935805626577,0.0935530921393422,0.1892197018259522,0.27998267128704624,0.045172592592592584,0.007683333333333334
19870,0.008616666666666667,0.56785,1,denny mccarthy,0.55,0.0535384615384615,-0.0092307692307692,0,2.75807179903334,0.08992049718799712,0.18163039636289705,0.2702396835803084,0.043341468253968285,0.007233333333333333
23475,0.008116666666666666,0.55715,0,andrew novak,0.518,-0.0332307692307691,0.049076923076923,0,2.80413346551751,0.08592909067784085,0.17726881403318934,0.263868401114136,0.041052242063492055,0.0069166666666666664
14502,0.006416666666666667,0.55275,0,bud cauley,0.474,-0.0572307692307691,0.0730769230769231,0,2.73727703755801,0.07978510757760754,0.1691393202630706,0.2547660778110779,0.03738191137566143,0.0069
17606,0.008633333333333333,0.5492166666666667,0,daniel berger,0.484,0.0507692307692306,-0.0669230769230769,0,2.78386772775083,0.08275803511303514,0.1709798630304885,0.25492793088855603,0.03930459776334772,0.006833333333333334
25569,0.007983333333333334,0.5892166666666667,0,sam stevens,0.648,-0.0572307692307691,0.0730769230769231,0,2.72776845441754,0.09346208263958254,0.19270828703703738,0.28892931103618635,0.04443549122174119,0.006816666666666667
25601,0.006816666666666667,0.5489833333333334,0,matthew jordan,0.453,-0.0452307692307691,0.067076923076923,0,2.77558179515716,0.07793884837384842,0.16457501059126026,0.2492287149968768,0.036278260582010585,0.0067666666666666665
13126,0.007516666666666666,0.5658666666666666,0,nick taylor,0.546,-0.0212307692307691,0.0310769230769231,0,2.7702085456288,0.0867868584656085,0.17891041976541974,0.266448778698154,0.04170733164983166,0.00675
10419,0.00695,0.5566833333333333,0,alex noren,0.493,0.0027692307692308,0.003076923076923,0,2.75057700016925,0.08331531177156187,0.16980052038239538,0.2559369874420244,0.03960902777777782,0.006683333333333334
19396,0.008566666666666667,0.5307166666666666,1,jake knapp,0.408,-0.0184615384615383,-0.0092307692307692,0,2.84048531977283,0.0769698035760536,0.15968669187294227,0.23939950404579088,0.036833050745550766,0.006233333333333333
18103,0.0078,0.5588166666666666,1,christiaan bezuidenhout,0.514,0.0415384615384615,-0.0192307692307692,0,2.75675753958997,0.08499600889850875,0.17481297979797994,0.2612550661606912,0.03951427368927368,0.006083333333333333
29767,0.0085,0.5468833333333334,1,ryan gerard,0.432,0.0775384615384615,0.0007692307692307,0,2.80333433421513,0.07838893476893467,0.1630663061475562,0.24672916495541494,0.036057268518518516,0.0056
18105,0.007833333333333333,0.52305,0,thriston lawrence,0.366,0.0627692307692306,-0.0869230769230769,0,2.83851344670887,0.07277242197617202,0.1495497671310172,0.22751127344877337,0.03432208994708995,0.00545
15676,0.00685,0.5246333333333333,0,niklas norgaard,0.331,-0.0452307692307691,0.067076923076923,0,2.84290141485603,0.0729591481666481,0.15011774281274287,0.2282047943722947,0.03425251322751329,0.005366666666666666
23604,0.00725,0.5029666666666667,1,wyndham clark,0.26,-0.0064615384615385,-0.0192307692307692,0,2.85056994629185,0.06709239926739925,0.14039790519665532,0.2131285815110813,0.030770489417989457,0.005266666666666667
17488,0.007533333333333334,0.5293,1,sungjae im,0.387,-0.0064615384615385,-0.0192307692307692,0,2.79140973218734,0.07045019827394838,0.1505728848697602,0.2311655386593256,0.032330861592111605,0.005166666666666667
21944,0.0069166666666666664,0.5257,1,taylor moore,0.349,0.0295384615384615,-0.0292307692307692,0,2.76536864421798,0.06896909127909122,0.14622249195249223,0.22591253566694733,0.030960462962962995,0.00515
18474,0.007816666666666666,0.5247,0,alex smalley,0.359,0.0867692307692307,-0.1069230769230769,0,2.80197535478378,0.07154664146039136,0.15057515916953448,0.22985152377714874,0.03299431998557002,0.005116666666666667
27900,0.00695,0.5118333333333334,0,aldrich potgieter,0.276,0.0027692307692308,0.003076923076923,0,2.80333433421513,0.06465595131720135,0.13989202570577597,0.2167063614394859,0.029022991221741252,0.005016666666666667
17543,0.005866666666666667,0.5350666666666667,0,michael kim,0.396,-0.0572307692307691,0.0730769230769231,0,2.76761299412552,0.0724633573371074,0.1525902953990455,0.23238427223239744,0.033151613756613775,0.00475
21407,0.006983333333333334,0.5164333333333333,0,kristoffer reitan,0.31,-0.0212307692307691,0.0310769230769231,0,2.80333433421513,0.06760936702186707,0.1430717623117626,0.21892176516022088,0.030432931697931712,0.004716666666666667
20722,0.006266666666666667,0.50605,0,matti schmid,0.23,-0.0452307692307691,0.067076923076923,0,2.81157846635795,0.05957793465793465,0.1324191822066821,0.20734325440898935,0.026658253968253987,0.004683333333333334
29433,0.00675,0.5194666666666666,0,jacob bridgeman,0.315,-0.0452307692307691,0.067076923076923,0,2.77015020915202,0.06224312844562833,0.1389442321104822,0.21708264219576745,0.028344074074074067,0.00465
14795,0.006483333333333333,0.5124666666666666,1,laurie canter,0.305,-0.0184615384615383,-0.0092307692307692,0,2.77346333331542,0.06640600529100524,0.14203771279646293,0.21859474449297972,0.03068392195767197,0.0044666666666666665
24766,0.007066666666666666,0.49411666666666665,0,tom kim,0.199,0.0507692307692306,-0.0669230769230769,0,2.81067062146671,0.05735753362378373,0.1258442665205167,0.19623156818127382,0.025626574074074097,0.0043
32330,0.007033333333333333,0.49845,0,luke clanton,0.227,0.0867692307692307,-0.1069230769230769,0,2.80333433421513,0.06133708407333412,0.13156299062049098,0.20541607048044547,0.028009437830687836,0.00425
8825,0.006166666666666667,0.5088833333333334,0,brian harman,0.262,-0.0092307692307691,0.0190769230769231,0,2.76648623090876,0.05982142792392796,0.13298802660302644,0.20876369921744894,0.026674783549783573,0.004183333333333333
13508,0.005733333333333333,0.4895333333333333,1,jhonattan vegas,0.186,-0.0184615384615383,-0.0092307692307692,0,2.80043097384321,0.0584393235930736,0.1286185230047729,0.19975726884226855,0.026226443001443032,0.0041333333333333335
23816,0.0067,0.49416666666666664,1,sami valimaki,0.161,0.0775384615384615,0.0007692307692307,0,2.81907819762483,0.057706851713101685,0.12574240301365305,0.1979263005744258,0.025908055555555587,0.00405
21646,0.00545,0.4978166666666667,0,ewen ferguson,0.213,-0.0092307692307691,0.0190769230769231,0,2.76792109665838,0.057572374939874875,0.1273932812557814,0.19897982912920384,0.025567440476190507,0.003683333333333333
17365,0.006633333333333333,0.4881,0,keith mitchell,0.143,-0.0212307692307691,0.0310769230769231,0,2.80162555582762,0.05450776612276619,0.12127860495985494,0.19105024813557886,0.023556547619047644,0.0035666666666666668
15229,0.00545,0.47381666666666666,1,brandon stone,0.107,-0.0304615384615383,0.0007692307692307,0,2.80799043154049,0.05028642616642627,0.11302834110334115,0.18073699439993504,0.02213330026455028,0.003416666666666667
17550,0.0049,0.47705,0,erik van rooyen,0.104,-0.0332307692307691,0.037076923076923,0,2.79828273358407,0.050445641673141625,0.11472036556036548,0.1843436325017568,0.021382501803751824,0.0032
20766,0.00535,0.46468333333333334,0,daniel brown,0.048,-0.0332307692307691,0.049076923076923,0,2.80333433421513,0.04788651996151989,0.10804136849261839,0.1727601775770527,0.02106445105820108,0.0031
24185,0.005266666666666667,0.47423333333333334,0,richard mansell,0.072,-0.0452307692307691,0.055076923076923,0,2.79671481063685,0.05068166259666259,0.1133800058737557,0.18014996096496053,0.022092493386243372,0.0030666666666666668
15556,0.00495,0.4626166666666667,1,mackenzie hughes,0.054,-0.0424615384615383,0.0107692307692307,0,2.82739059322626,0.04912481129981131,0.1091115861453362,0.17259015988776988,0.02106967592592592,0.00305
14987,0.006033333333333333,0.48256666666666664,0,francesco laporta,0.144,0.0867692307692307,-0.1069230769230769,0,2.77295969000191,0.051121030543530434,0.11690135619010618,0.18676471255596216,0.0221935978835979,0.0029833333333333335
11460,0.00575,0.45553333333333335,0,matteo manassero,0.004,0.0267692307692308,-0.0469230769230769,0,2.82303114838096,0.045702491119991126,0.10309955396455386,0.16555246246808739,0.02022079365079366,0.0028
18770,0.0047,0.4681,0,antoine rozner,0.069,-0.0452307692307691,0.055076923076923,0,2.7979381585551,0.046729736652236536,0.10749959794834797,0.17240635422447925,0.020767619047619056,0.0026666666666666666
28635,0.004883333333333333,0.46841666666666665,1,matt mccarty,0.047,0.0415384615384615,-0.0192307692307692,0,2.77704253884039,0.044930000370000334,0.10343257122507118,0.17018881796444274,0.01935054894179895,0.0026333333333333334
15575,0.004866666666666667,0.4644333333333333,0,tom hoge,0.06,-0.0092307692307691,0.0190769230769231,0,2.79671752950696,0.04489177022052021,0.10456410284160268,0.17090360764235762,0.019389821428571444,0.0026
25157,0.004266666666666667,0.44276666666666664,1,lee hodges,-0.056,0.0175384615384615,-0.0192307692307692,0,2.77905287116084,0.03898323172198174,0.09200902074777083,0.15241630989381008,0.017216449013949007,0.00255
27811,0.004716666666666667,0.4409166666666667,1,martin couvra,-0.047,-0.0424615384615383,0.0107692307692307,0,2.80333433421513,0.040853499000999036,0.09585971278721277,0.15671474923224957,0.017850173160173153,0.00255
25362,0.004733333333333333,0.44626666666666664,0,alex fitzpatrick,-0.044,0.0627692307692306,-0.0869230769230769,0,2.80333433421513,0.04075460275835274,0.0962534838541088,0.1579310052229906,0.017497228835978852,0.00245
16283,0.004966666666666667,0.46121666666666666,0,patrick rodgers,0.036,0.0507692307692306,-0.0669230769230769,0,2.77039436901552,0.043209512385762365,0.10171965913715916,0.16662455204653764,0.01801765873015874,0.0024333333333333334
28615,0.004733333333333333,0.43993333333333334,0,sam bairstow,-0.085,0.0147692307692308,-0.0269230769230769,0,2.80333433421513,0.03772123256373254,0.09189798641173641,0.15097211045898556,0.015165469576719586,0.0023333333333333335
27183,0.004733333333333333,0.43521666666666664,1,isaiah salinda,-0.148,0.0775384615384615,0.0007692307692307,0,2.80333433421513,0.03728898365523365,0.08701681508306532,0.14575804979742485,0.01556933862433862,0.0021666666666666666
22760,0.004416666666666667,0.4572833333333333,1,ryo hisatsune,0.035,-0.0544615384615383,0.0207692307692307,0,2.76783988205348,0.04137883847633853,0.09895042633292661,0.16305232247327855,0.017333183020683016,0.0021333333333333334
12522,0.004933333333333333,0.43223333333333336,1,marcel schneider,-0.15,0.0775384615384615,0.0007692307692307,0,2.81150821916161,0.036085401635401644,0.0865088635901137,0.14366082611832634,0.015124589947089944,0.0020833333333333333
17032,0.004083333333333333,0.43198333333333333,0,alejandro tosti,-0.114,0.0147692307692308,-0.0269230769230769,0,2.80333433421513,0.03662031325156323,0.08777466209716213,0.1460890078208829,0.015191990740740742,0.0019833333333333335
14792,0.0039,0.42938333333333334,1,adrien saddier,-0.099,-0.0544615384615383,0.0207692307692307,0,2.76017765878918,0.034686975108225104,0.08541543909793912,0.1433497112147116,0.01426767195767195,0.0019666666666666665
25131,0.0036666666666666666,0.4206166666666667,1,calum hill,-0.178,0.0175384615384615,-0.0192307692307692,0,2.79513076515316,0.03278347513597516,0.08168464054464063,0.13832871864246843,0.013453326719576721,0.0019333333333333333
19872,0.0044,0.40035,1,davis riley,-0.306,0.0535384615384615,-0.0092307692307692,0,2.87879541296804,0.03152327982202981,0.07534621193621197,0.12561560606060598,0.01304103174603176,0.0019166666666666666
21362,0.00405,0.4284833333333333,1,daniel hillier,-0.12,-0.0184615384615383,-0.0092307692307692,0,2.78082537315079,0.03492652657527656,0.08429174099049112,0.1404890128621378,0.014699365079365088,0.00185
22833,0.0045,0.42178333333333334,1,nico echavarria,-0.179,0.0295384615384615,-0.0292307692307692,0,2.81028422065728,0.03318460169460174,0.08098704330391837,0.1373889854589857,0.013736812169312175,0.00185
12577,0.004,0.42701666666666666,1,gary woodland,-0.16,0.0415384615384615,-0.0192307692307692,0,2.77956748816731,0.0338607480944981,0.08348944305694316,0.13879309797500994,0.01406701238576239,0.0017833333333333334
13764,0.0041333333333333335,0.43671666666666664,1,john parry,-0.073,-0.0064615384615385,-0.0192307692307692,0,2.73796262715864,0.03566087037962039,0.08650271413771415,0.14629017347032053,0.014957242664742668,0.0017333333333333333
15326,0.0041333333333333335,0.4021,1,andy sullivan,-0.256,-0.0664615384615383,0.0307692307692307,0,2.81113025932754,0.02932539701039697,0.07276062294187301,0.12436224308099311,0.011523650793650796,0.0017166666666666667
14704,0.004,0.43675,1,andrew putnam,-0.06,-0.0304615384615383,0.0007692307692307,0,2.73322772126802,0.03518609788359788,0.08687542827542842,0.1474512746743999,0.014633849206349206,0.0017
16475,0.00475,0.4396333333333333,0,grant forrest,-0.097,0.0267692307692308,-0.0469230769230769,0,2.81107954195087,0.037570235690235716,0.09041235301735316,0.15031731197043696,0.015546197089947084,0.0016666666666666668
10201,0.0033333333333333335,0.3938333333333333,0,julien guerrier,-0.327,-0.0332307692307691,0.049076923076923,0,2.82012185579305,0.026890530904280924,0.06779595594220593,0.11644540686301705,0.011309272486772489,0.00165
19190,0.003533333333333333,0.4061,1,rikuya hoshino,-0.253,-0.0664615384615383,0.0507692307692306,0,2.80333433421513,0.030688611666111667,0.0750814321326822,0.12750946706071709,0.012695257936507933,0.0016333333333333334
21074,0.003766666666666667,0.40718333333333334,1,keita nakajima,-0.238,0.0175384615384615,-0.0192307692307692,0,2.80333433421513,0.03026014850889848,0.07555467722092726,0.1285810653004403,0.012634003126503127,0.0016333333333333334
28469,0.0037166666666666667,0.40486666666666665,1,joe highsmith,-0.234,-0.0064615384615385,-0.0192307692307692,0,2.80333433421513,0.030573429718429718,0.07447808256558244,0.12673160113035137,0.012346997354497343,0.00155
23505,0.003416666666666667,0.4311,1,max mcgreevy,-0.1,-0.0664615384615383,0.0507692307692306,0,2.75288746225664,0.033146920163170154,0.08507107189107195,0.14279699174327834,0.013460879629629633,0.00155
16896,0.0035666666666666668,0.4278,0,jacques kruyswijk,-0.144,-0.0572307692307691,0.0730769230769231,0,2.77496908329964,0.03423960927960931,0.08350202034077057,0.14062300498112987,0.013704385521885527,0.0015333333333333334
23733,0.0038166666666666666,0.4027833333333333,1,frederic lacroix,-0.237,-0.0304615384615383,0.0007692307692307,0,2.80333433421513,0.029753383237133207,0.07374070938320944,0.12611032745032746,0.012290489417989424,0.0015166666666666666
11657,0.004,0.40375,1,henrik norlander,-0.286,0.0655384615384615,-0.0092307692307692,0,2.76365076612381,0.027049153392903393,0.06761302308802303,0.11910043660043666,0.010799510582010582,0.0014666666666666667
22089,0.00345,0.4007,0,connor syme,-0.268,0.0267692307692308,-0.0469230769230769,0,2.79054209458473,0.02848063732563736,0.07034555486180494,0.1220194992276244,0.011593921957671961,0.0014333333333333333
20522,0.00325,0.39243333333333336,1,johannes veerman,-0.306,-0.0664615384615383,0.0307692307692307,0,2.7995842813281,0.026890989057239047,0.06781447011321998,0.11604053340178344,0.010817923280423289,0.0013833333333333334
26745,0.0037166666666666667,0.3975166666666667,1,eugenio chacarra,-0.309,0.0415384615384615,-0.0192307692307692,0,2.80333433421513,0.028401745892995905,0.06980576386576388,0.1191911193667444,0.011911873496873504,0.0013666666666666666
22608,0.004266666666666667,0.3997,0,todd clements,-0.276,0.0867692307692307,-0.1069230769230769,0,2.80333433421513,0.029214028379028357,0.07329310689310693,0.12343789476726992,0.01156501984126984,0.00135
19960,0.0035,0.3703666666666667,1,matthieu pavon,-0.456,0.0175384615384615,-0.0192307692307692,0,2.85148470555544,0.02393082829207829,0.0600744914344915,0.10404221753328377,0.00960099867724868,0.00135
11396,0.0030166666666666666,0.3827,1,richie ramsay,-0.381,0.0535384615384615,-0.0092307692307692,0,2.73913349375685,0.023054352453102445,0.059067507030006995,0.10648407442094923,0.009069530423280422,0.0013
22259,0.00315,0.3768,1,alejandro del rey,-0.402,-0.0664615384615383,0.0307692307692307,0,2.83221358627182,0.023990664381914373,0.061244890618640614,0.10700532775095292,0.009663002645502648,0.0013
7677,0.0029,0.38415,0,shaun norris,-0.369,-0.0452307692307691,0.055076923076923,0,2.80352629855426,0.023164523809523854,0.06256854404854403,0.10965469255281746,0.00845494047619047,0.0012666666666666666
6093,0.0029333333333333334,0.35186666666666666,0,justin rose,-0.565,0.0027692307692308,0.003076923076923,0,2.85723828656587,0.02013965187590189,0.05291557303807312,0.09314695429570452,0.0077554497354497326,0.0012
18517,0.0027833333333333334,0.3889166666666667,0,sebastian soderberg,-0.364,-0.0332307692307691,0.037076923076923,0,2.81728183061233,0.02712542267917269,0.06802566681004175,0.11558127300939794,0.0107845701058201,0.00115
25003,0.0029666666666666665,0.36435,1,danny walker,-0.445,-0.0664615384615383,0.0307692307692307,0,2.80333433421513,0.02221859487734488,0.05757152602027603,0.10116230380730395,0.008740257936507935,0.0010833333333333333
14016,0.003416666666666667,0.3934666666666667,0,jorge campillo,-0.323,0.0267692307692308,-0.0469230769230769,0,2.77736267840385,0.02433401274651275,0.06297945591445596,0.11206746455069974,0.009275357142857137,0.0010833333333333333
22231,0.00355,0.38051666666666667,0,nicolai von dellingshausen,-0.379,0.0627692307692306,-0.0869230769230769,0,2.78137151790402,0.02426457371332372,0.06067513925888938,0.10732112080049593,0.00960938492063492,0.0010833333333333333
23610,0.0036166666666666665,0.37138333333333334,1,sean crocker,-0.46,0.0655384615384615,-0.0092307692307692,0,2.82699409683111,0.024492221158471168,0.061482099613349585,0.10619859224109221,0.009193287037037038,0.0010333333333333334
24304,0.003533333333333333,0.3745833333333333,1,karl vilips,-0.396,-0.0064615384615385,-0.0192307692307692,0,2.80333433421513,0.023744282245532263,0.061153951557701466,0.10685502289377301,0.00944426587301587,0.0010333333333333334
12920,0.0023666666666666667,0.35195,0,danny willett,-0.559,-0.0452307692307691,0.055076923076923,0,2.80361152335087,0.019503988233988235,0.05197548127798132,0.09235234458080062,0.007612466931216929,0.001
20448,0.0030166666666666666,0.35956666666666665,0,yuto katsuragawa,-0.484,0.0627692307692306,-0.0869230769230769,0,2.80333433421513,0.02034756794131792,0.054077573722573775,0.09617497800810304,0.0077827976190476215,0.0009666666666666667
23416,0.00295,0.36168333333333336,1,david ravetto,-0.481,-0.0544615384615383,0.0207692307692307,0,2.80333433421513,0.02134077200577199,0.05587682202057193,0.0981291402388462,0.008463055555555552,0.0009666666666666667
29971,0.0028166666666666665,0.36861666666666665,0,dan bradbury,-0.461,-0.0572307692307691,0.0730769230769231,0,2.80333433421513,0.021740416805416808,0.05627524521774526,0.10081109930238619,0.008423525132275131,0.0008833333333333333
16652,0.003033333333333333,0.37666666666666665,1,romain langasque,-0.428,0.0535384615384615,-0.0092307692307692,0,2.79103317597107,0.021066501924001894,0.05566079785954789,0.10158498731252401,0.008414080687830694,0.0008666666666666666
14509,0.0028666666666666667,0.36273333333333335,1,joel dahmen,-0.509,0.0775384615384615,0.0007692307692307,0,2.79032129880774,0.019587113997113995,0.053234253663003675,0.09605241099178602,0.0074867261904761895,0.0008666666666666666
20727,0.0032833333333333334,0.36436666666666667,1,ugo coussaud,-0.488,0.0655384615384615,-0.0092307692307692,0,2.80333433421513,0.020608259703259687,0.054967857420357376,0.09750540649165652,0.007906355820105817,0.00085
5716,0.0024,0.3430166666666667,1,padraig harrington,-0.573,0.0175384615384615,-0.0192307692307692,0,2.80202362760406,0.017587794011544016,0.04793330299330302,0.08713287309912313,0.006579662698412698,0.0007833333333333334
31343,0.002183333333333333,0.30848333333333333,0,david ford,-0.779,0.0867692307692307,-0.1069230769230769,0,2.80333433421513,0.013213754208754199,0.03724822126947126,0.07017895380082875,0.004749094516594516,0.0006833333333333333
16497,0.0023,0.3277,1,joe dean,-0.662,-0.0664615384615383,0.0507692307692306,0,2.80333433421513,0.014941720501720513,0.04155972296222295,0.07682559479871962,0.005471977513227511,0.0006666666666666666
18628,0.0021,0.3547666666666667,0,brian campbell,-0.534,-0.0452307692307691,0.055076923076923,0,2.74669037140937,0.01745489010989012,0.048453722619972564,0.08951056371868868,0.006765853174603174,0.0006333333333333333
11955,0.002033333333333333,0.3143166666666667,1,dylan frittelli,-0.761,0.0535384615384615,-0.0092307692307692,0,2.79825497265621,0.013413531746031748,0.03705197265697261,0.06982317411754912,0.004694126984126982,0.0005666666666666667
19898,0.002,0.32321666666666665,1,yannik paul,-0.667,-0.0544615384615383,0.0207692307692307,0,2.77435847656125,0.014137867965367968,0.04009514550264552,0.07473087384837387,0.005108783068783066,0.0005333333333333334
15596,0.00225,0.3441666666666667,1,aaron cockerill,-0.561,-0.0664615384615383,0.0507692307692306,0,2.73401950700332,0.015126698486698486,0.04475346334221335,0.0844039370351871,0.005252420634920634,0.0005333333333333334
12988,0.00225,0.3410666666666667,1,ignacio elvira mijares,-0.559,-0.0424615384615383,0.0107692307692307,0,2.75230158649859,0.016659839604839605,0.045255520960521,0.0832392694573947,0.006070588624338623,0.0005166666666666667
7655,0.0018833333333333334,0.3167,0,francesco molinari,-0.743,-0.0332307692307691,0.037076923076923,0,2.78586867250481,0.013438227281977286,0.037337216255966234,0.07159487251174741,0.004673690476190477,0.0005
17357,0.0022333333333333333,0.30216666666666664,1,guido migliozzi,-0.845,0.0535384615384615,-0.0092307692307692,0,2.82338292919935,0.011529379463129463,0.034486536704036674,0.06526405303030303,0.004348472222222222,0.0005
24200,0.0023666666666666667,0.31228333333333336,1,elvis smylie,-0.747,-0.0424615384615383,0.0107692307692307,0,2.80333433421513,0.014172109788359777,0.039328915436415444,0.0713770082463832,0.005147387566137567,0.00048333333333333334
12426,0.00245,0.30778333333333335,1,paul waring,-0.806,0.0655384615384615,-0.0092307692307692,0,2.82280522349192,0.013439016354016353,0.03720879775317279,0.06957498369685867,0.005104219576719576,0.00048333333333333334
6950,0.0025,0.31578333333333336,1,marcel siem,-0.746,0.0295384615384615,-0.0292307692307692,0,2.81349199275776,0.013886750379250374,0.03787666042291037,0.07079090629278133,0.0052051719576719545,0.00046666666666666666
8820,0.0018333333333333333,0.31255,1,brandt snedeker,-0.724,-0.0664615384615383,0.0307692307692307,0,2.79239529984682,0.014178484432234429,0.0381993811281311,0.07083182590557584,0.00494701058201058,0.00045
11763,0.0023166666666666665,0.32495,0,ashun wu,-0.693,0.0027692307692308,0.003076923076923,0,2.78681360999568,0.014773164983164982,0.0392247831797832,0.07429310414122915,0.005224682539682541,0.0004333333333333333
14975,0.0017166666666666667,0.29586666666666667,0,adrian otaegui,-0.837,-0.0212307692307691,0.0310769230769231,0,2.74358268836232,0.009932327441077441,0.030657912781662792,0.06007141724016723,0.0036573358585858576,0.0004
9531,0.0015666666666666667,0.28415,1,bernd wiesberger,-0.907,0.0655384615384615,-0.0092307692307692,0,2.73436783832309,0.00877101250601251,0.02647250679875679,0.053269312686224465,0.003230548941798942,0.00028333333333333335
13374,0.002,0.30078333333333335,1,darius van driel,-0.83,0.0655384615384615,-0.0092307692307692,0,2.76000673318297,0.010446940374440385,0.03019996138121134,0.059405452903577974,0.0037568584656084655,0.0002666666666666667
24127,0.0016,0.2749,1,angel hidalgo,-0.937,-0.0664615384615383,0.0307692307692307,0,2.80341363031932,0.009136012506012507,0.026091728826728843,0.051646569772819784,0.003170476190476191,0.00025
19806,0.00165,0.26848333333333335,0,simon forsstrom,-1.019,-0.0092307692307691,0.0190769230769231,0,2.80333433421513,0.008157677738927739,0.025767063908313927,0.04950264159451654,0.002721388888888888,0.00023333333333333333
32449,0.0013166666666666667,0.24395,1,ryggs johnston,-1.15,-0.0664615384615383,0.0507692307692306,0,2.80333433421513,0.005773373015873016,0.01930687446812445,0.03942207443019942,0.0019606944444444446,0.00018333333333333334
19429,0.0016666666666666668,0.2556333333333333,0,dylan naidoo,-1.078,0.0507692307692306,-0.0669230769230769,0,2.80333433421513,0.007477956349206352,0.022677445517445514,0.0445029230342098,0.0026701058201058204,0.00018333333333333334
13821,0.0010166666666666666,0.22335,0,dale whitnell,-1.306,0.0147692307692308,-0.0269230769230769,0,2.8185201367279,0.004526785714285711,0.01544478896103895,0.03253022108338285,0.0015465079365079364,0.00018333333333333334
13498,0.0012666666666666666,0.22901666666666667,0,junghwan lee,-1.253,0.0867692307692307,-0.1069230769230769,0,2.80333433421513,0.005381339123839124,0.01719777615902614,0.034601357300107285,0.0017217658730158735,0.00016666666666666666
9133,0.0011333333333333334,0.23418333333333333,0,pablo larrazabal,-1.237,-0.0452307692307691,0.067076923076923,0,2.80886629586525,0.005389445369445365,0.01759433682058683,0.03593556272431271,0.0017262770562770573,0.00016666666666666666
25806,0.00095,0.2148,0,wooyoung cho,-1.339,0.0627692307692306,-0.0869230769230769,0,2.80333433421513,0.004558042929292928,0.014184362258112258,0.029910290662496546,0.0014627777777777777,0.0001
4163,0.0008333333333333334,0.19471666666666668,0,luke donald,-1.472,-0.0332307692307691,0.037076923076923,0,2.76070659785887,0.003073221500721501,0.011362852934102935,0.02530921125171125,0.0009120634920634922,0.00008333333333333333
23892,0.001,0.20875,0,jordan gumberg,-1.381,-0.0572307692307691,0.0730769230769231,0,2.80333433421513,0.00412275691900692,0.013280711371961362,0.028941390577015603,0.0011611904761904765,0.00006666666666666667
17973,0.0007333333333333333,0.1718,1,hongtaek kim,-1.608,-0.0664615384615383,0.0507692307692306,0,2.80333433421513,0.0018859211159211156,0.007825667526917521,0.018626126049876058,0.0004904166666666667,0.00006666666666666667
13731,0.0006166666666666666,0.12643333333333334,1,ockie strydom,-2.128,0.0775384615384615,0.0007692307692307,0,2.86992336012883,0.000876765873015873,0.003986380563880562,0.009752810661560661,0.00025583333333333334,0.000016666666666666667
