player_name,sample_size,baseline,country_adj,age,age_adj,true_sg_adj,timing_adj,sg_category_adj,course_history_adj,driving_dist_adj,driving_acc_adj,fit_other_adj,course_fit_total_adj,final_prediction,std_dev,event_name,course_name
"Reed, Patrick",150,1.063,-0.044,34,-0.010,-0.019,0.078,-0.021,0.029,-0.042,0.009,-9999.000,-0.033,1.042,2.850,"BMW International Open","Golfclub München Eichenried"
"Neergaard-Petersen, Rasmus",150,0.734,0.001,26,0.030,0.029,-0.182,0.089,0.121,0.045,0.013,-9999.000,0.058,0.880,2.927,"BMW International Open","Golfclub München Eichenried"
"Puig, David",150,0.661,-0.065,23,0.041,-0.003,0.014,0.033,-0.060,0.183,-0.025,-9999.000,0.158,0.778,2.927,"BMW International Open","Golfclub München Eichenried"
"Smith, Jordan",150,0.180,0.044,32,0.000,0.039,0.037,0.125,0.215,0.012,0.028,-9999.000,0.039,0.680,2.880,"BMW International Open","Golfclub München Eichenried"
"Penge, Marco",150,-0.042,0.012,27,0.025,0.014,0.121,0.144,-0.016,0.215,-0.018,-9999.000,0.198,0.455,2.927,"BMW International Open","Golfclub München Eichenried"
"Schaper, Jayden",150,0.164,0.062,24,0.037,-0.042,0.091,0.086,0.028,-0.052,0.030,-9999.000,-0.021,0.405,2.891,"BMW International Open","Golfclub München Eichenried"
"Schmid, Matti",150,0.118,-0.026,27,0.022,0.030,-0.126,0.066,0.198,0.132,-0.013,-9999.000,0.119,0.402,2.916,"BMW International Open","Golfclub München Eichenried"
"Ferguson, Ewen",150,-0.031,-0.004,29,0.016,0.034,0.062,0.147,0.151,-0.038,0.037,-9999.000,-0.001,0.374,2.869,"BMW International Open","Golfclub München Eichenried"
"Chacarra, Eugenio",150,0.222,-0.065,25,0.033,0.032,0.103,0.012,-0.060,0.076,-0.009,-9999.000,0.067,0.345,2.927,"BMW International Open","Golfclub München Eichenried"
"Laporta, Francesco",150,0.101,0.065,34,-0.009,0.009,0.036,0.060,0.083,-0.069,0.029,-9999.000,-0.040,0.305,2.894,"BMW International Open","Golfclub München Eichenried"
"Garcia, Sergio",150,0.398,-0.054,45,-0.058,-0.030,-0.143,0.062,0.074,0.014,0.027,-9999.000,0.041,0.291,2.890,"BMW International Open","Golfclub München Eichenried"
"Li, Haotong",150,0.117,-0.037,29,0.012,-0.012,-0.166,0.058,0.181,0.111,-0.019,-9999.000,0.092,0.244,2.985,"BMW International Open","Golfclub München Eichenried"
"Saddier, Adrien",150,0.074,-0.025,33,-0.002,-0.034,0.073,0.009,0.144,-0.014,0.012,-9999.000,-0.002,0.236,2.869,"BMW International Open","Golfclub München Eichenried"
"Couvra, Martin",150,0.152,-0.009,22,0.046,0.005,0.127,-0.085,-0.060,0.001,-0.003,-9999.000,-0.002,0.173,2.927,"BMW International Open","Golfclub München Eichenried"
"Nakajima, Keita",150,-0.047,0.052,25,0.034,0.039,-0.056,0.090,0.013,-0.010,0.016,-9999.000,0.005,0.131,2.927,"BMW International Open","Golfclub München Eichenried"
"Schneider, Marcel",150,-0.197,0.081,35,-0.013,-0.013,0.118,-0.035,0.194,-0.019,0.000,-9999.000,-0.019,0.116,2.920,"BMW International Open","Golfclub München Eichenried"
"Luiten, Joost",150,0.051,0.063,39,-0.031,-0.016,-0.194,0.040,0.219,-0.059,0.031,-9999.000,-0.028,0.104,2.855,"BMW International Open","Golfclub München Eichenried"
"Canter, Laurie",150,0.026,0.044,35,-0.014,-0.004,-0.271,0.214,0.037,0.035,0.021,-9999.000,0.056,0.087,2.880,"BMW International Open","Golfclub München Eichenried"
"Reitan, Kristoffer",150,-0.124,-0.006,27,0.024,0.012,0.078,0.027,-0.038,0.118,-0.014,-9999.000,0.104,0.076,2.927,"BMW International Open","Golfclub München Eichenried"
"Ayora, Angel",150,-0.198,-0.065,20,0.053,0.058,0.033,0.105,-0.042,0.120,-0.004,-9999.000,0.116,0.060,2.927,"BMW International Open","Golfclub München Eichenried"
"Von Dellingshausen, Nicolai",150,-0.290,0.086,32,0.001,0.025,0.146,-0.093,0.190,-0.012,-0.009,-9999.000,-0.021,0.045,2.885,"BMW International Open","Golfclub München Eichenried"
"Parry, John",150,-0.137,0.038,38,-0.027,-0.002,-0.021,-0.038,0.234,-0.093,0.006,-9999.000,-0.087,-0.041,2.847,"BMW International Open","Golfclub München Eichenried"
"Fitzpatrick, Alex",150,-0.243,-0.028,26,0.027,-0.011,0.061,0.120,-0.041,0.054,-0.014,-9999.000,0.040,-0.074,2.927,"BMW International Open","Golfclub München Eichenried"
"Stone, Brandon",150,-0.260,0.026,32,0.002,-0.028,-0.076,0.013,0.196,0.054,-0.008,-9999.000,0.045,-0.082,2.916,"BMW International Open","Golfclub München Eichenried"
"Campillo, Jorge",150,-0.241,-0.122,39,-0.029,-0.024,0.043,0.004,0.279,-0.037,0.006,-9999.000,-0.031,-0.122,2.894,"BMW International Open","Golfclub München Eichenried"
"Hillier, Daniel",150,-0.275,-0.031,26,0.025,0.008,0.027,-0.062,0.098,0.101,-0.017,-9999.000,0.084,-0.126,2.886,"BMW International Open","Golfclub München Eichenried"
"Zanotti, Fabrizio",150,-0.313,0.043,42,-0.043,-0.020,0.082,0.010,0.164,-0.094,0.037,-9999.000,-0.056,-0.132,2.885,"BMW International Open","Golfclub München Eichenried"
"Mansell, Richard",150,-0.525,0.050,30,0.011,-0.030,0.010,0.168,0.076,0.087,-0.008,-9999.000,0.079,-0.162,2.906,"BMW International Open","Golfclub München Eichenried"
"Sullivan, Andy",150,-0.163,0.033,38,-0.025,-0.012,0.059,-0.107,0.108,-0.102,0.019,-9999.000,-0.083,-0.189,2.918,"BMW International Open","Golfclub München Eichenried"
"Hill, Calum",150,-0.514,0.024,30,0.009,0.013,0.084,-0.001,0.171,0.042,-0.018,-9999.000,0.024,-0.190,2.906,"BMW International Open","Golfclub München Eichenried"
"Crocker, Sean",150,-0.500,0.020,28,0.017,-0.020,0.069,0.047,0.131,0.037,-0.005,-9999.000,0.032,-0.203,2.933,"BMW International Open","Golfclub München Eichenried"
"Lacroix, Frederic",150,-0.525,0.027,30,0.010,-0.041,-0.064,0.189,0.161,0.025,0.007,-9999.000,0.032,-0.211,2.927,"BMW International Open","Golfclub München Eichenried"
"Lindell, Oliver",150,-0.233,0.036,26,0.026,0.057,0.022,-0.040,-0.060,-0.012,-0.007,-9999.000,-0.019,-0.211,2.927,"BMW International Open","Golfclub München Eichenried"
"Molinari, Edoardo",150,-0.261,0.086,44,-0.053,-0.052,0.137,-0.162,0.217,-0.152,0.021,-9999.000,-0.132,-0.220,2.894,"BMW International Open","Golfclub München Eichenried"
"Jordan, Matthew",150,-0.034,0.030,29,0.014,-0.006,-0.204,-0.043,0.033,-0.004,-0.009,-9999.000,-0.013,-0.222,2.896,"BMW International Open","Golfclub München Eichenried"
"Guerrier, Julien",150,-0.260,0.069,40,-0.033,0.012,-0.239,0.063,0.139,0.018,-0.000,-9999.000,0.018,-0.231,2.920,"BMW International Open","Golfclub München Eichenried"
"Norris, Shaun",150,-0.293,0.022,43,-0.047,-0.003,-0.035,-0.044,0.136,-0.006,-0.006,-9999.000,-0.013,-0.278,2.914,"BMW International Open","Golfclub München Eichenried"
"Bairstow, Sam",150,-0.131,-0.004,26,0.026,-0.020,-0.216,0.056,-0.060,0.059,-0.007,-9999.000,0.052,-0.297,2.927,"BMW International Open","Golfclub München Eichenried"
"Kruyswijk, Jacques",150,-0.263,-0.024,32,-0.000,-0.023,-0.180,0.035,0.142,0.014,-0.008,-9999.000,0.006,-0.308,2.883,"BMW International Open","Golfclub München Eichenried"
"Bradbury, Dan",150,-0.636,0.009,25,0.030,-0.021,0.103,0.116,0.023,0.011,0.014,-9999.000,0.025,-0.350,2.927,"BMW International Open","Golfclub München Eichenried"
"Veerman, Johannes",150,-0.296,0.037,33,-0.002,-0.039,-0.222,0.134,-0.018,0.064,-0.013,-9999.000,0.051,-0.356,2.910,"BMW International Open","Golfclub München Eichenried"
"Langasque, Romain",150,-0.404,-0.019,30,0.011,-0.022,-0.027,-0.055,0.193,-0.043,-0.008,-9999.000,-0.052,-0.375,2.898,"BMW International Open","Golfclub München Eichenried"
"Clements, Todd",150,-0.496,0.016,28,0.017,0.043,0.048,0.014,-0.058,0.037,-0.011,-9999.000,0.026,-0.390,2.927,"BMW International Open","Golfclub München Eichenried"
"Olesen, Jacob Skov",150,-0.476,0.012,26,0.029,0.014,0.042,0.041,-0.060,-0.010,-0.003,-9999.000,-0.014,-0.412,2.927,"BMW International Open","Golfclub München Eichenried"
"Kieffer, Maximilian",150,-0.860,0.019,35,-0.011,0.049,0.108,0.141,0.175,-0.078,0.034,-9999.000,-0.044,-0.422,2.920,"BMW International Open","Golfclub München Eichenried"
"Ding, Wenyi",150,-0.469,-0.003,20,0.054,0.057,-0.075,0.038,-0.060,0.036,-0.012,-9999.000,0.024,-0.435,2.927,"BMW International Open","Golfclub München Eichenried"
"Robinson-Thompson, Brandon",150,-0.373,0.015,32,-0.001,-0.022,0.001,-0.085,0.036,-0.007,-0.005,-9999.000,-0.012,-0.441,2.927,"BMW International Open","Golfclub München Eichenried"
"Aphibarnrat, Kiradech",150,-0.560,-0.020,35,-0.015,-0.020,0.186,-0.109,0.152,-0.074,-0.002,-9999.000,-0.076,-0.460,2.947,"BMW International Open","Golfclub München Eichenried"
"Paul, Yannik",150,-0.683,0.033,31,0.006,0.039,0.095,-0.039,0.083,-0.032,-0.009,-9999.000,-0.040,-0.506,2.872,"BMW International Open","Golfclub München Eichenried"
"Syme, Connor",150,-0.618,0.047,29,0.012,0.004,-0.143,0.032,0.188,-0.034,0.004,-9999.000,-0.030,-0.508,2.898,"BMW International Open","Golfclub München Eichenried"
"Wiesberger, Bernd",150,-0.701,0.114,39,-0.032,-0.008,0.074,-0.067,0.231,-0.126,-0.002,-9999.000,-0.128,-0.516,2.836,"BMW International Open","Golfclub München Eichenried"
"Dantorp, Jens",150,-0.800,0.013,36,-0.016,0.003,0.066,0.023,0.253,-0.098,0.012,-9999.000,-0.087,-0.543,2.896,"BMW International Open","Golfclub München Eichenried"
"Nienaber, Wilco",150,-1.057,0.027,25,0.033,0.018,-0.027,0.108,0.116,0.285,-0.052,-9999.000,0.233,-0.550,2.927,"BMW International Open","Golfclub München Eichenried"
"Pavan, Andrea",150,-0.599,0.003,36,-0.016,-0.010,-0.041,0.084,0.117,-0.091,-0.000,-9999.000,-0.091,-0.552,2.879,"BMW International Open","Golfclub München Eichenried"
"Armitage, Marcus",150,-0.560,0.013,37,-0.024,0.007,0.108,-0.040,-0.045,-0.060,-0.001,-9999.000,-0.062,-0.604,2.899,"BMW International Open","Golfclub München Eichenried"
"Van Driel, Darius",150,-0.854,0.099,36,-0.016,0.004,0.054,0.017,0.200,-0.145,0.019,-9999.000,-0.126,-0.622,2.857,"BMW International Open","Golfclub München Eichenried"
"Cantero Gutierrez, Ivan",150,-0.769,-0.053,29,0.014,-0.001,0.048,0.071,-0.058,0.148,-0.043,-9999.000,0.105,-0.643,2.927,"BMW International Open","Golfclub München Eichenried"
"Siem, Marcel",150,-0.773,0.035,44,-0.055,-0.033,0.007,0.011,0.175,-0.023,-0.007,-9999.000,-0.030,-0.663,2.932,"BMW International Open","Golfclub München Eichenried"
"Kimsey, Nathan",150,-0.428,0.018,32,0.002,-0.009,-0.256,0.120,-0.074,-0.071,0.031,-9999.000,-0.040,-0.669,2.927,"BMW International Open","Golfclub München Eichenried"
"Del Rey, Alejandro",150,-0.766,-0.065,27,0.024,0.014,-0.047,0.097,-0.054,0.163,-0.040,-9999.000,0.124,-0.674,2.934,"BMW International Open","Golfclub München Eichenried"
"Gouveia, Ricardo",150,-0.814,-0.003,33,-0.006,-0.001,-0.003,0.108,0.054,-0.024,0.008,-9999.000,-0.015,-0.681,2.922,"BMW International Open","Golfclub München Eichenried"
"Ravetto, David",150,-0.916,-0.031,28,0.021,0.017,0.027,0.164,-0.028,0.061,-0.001,-9999.000,0.060,-0.685,2.927,"BMW International Open","Golfclub München Eichenried"
"Brown, Daniel",150,-0.543,0.002,30,0.009,0.006,-0.201,0.045,-0.009,-0.014,0.012,-9999.000,-0.002,-0.693,2.927,"BMW International Open","Golfclub München Eichenried"
"Cockerill, Aaron",150,-0.741,-0.035,33,-0.003,0.051,0.094,-0.010,0.015,-0.066,-0.004,-9999.000,-0.070,-0.699,2.843,"BMW International Open","Golfclub München Eichenried"
"Katsuragawa, Yuto",150,-0.787,0.028,26,0.027,0.046,-0.014,0.108,-0.060,-0.067,0.017,-9999.000,-0.050,-0.701,2.927,"BMW International Open","Golfclub München Eichenried"
"Coussaud, Ugo",150,-0.651,-0.027,32,-0.000,0.027,-0.091,0.015,-0.046,0.091,-0.026,-9999.000,0.065,-0.708,2.927,"BMW International Open","Golfclub München Eichenried"
"Lemke, Niklas",150,-0.762,0.051,41,-0.038,0.010,-0.067,0.004,0.063,0.055,-0.025,-9999.000,0.030,-0.710,2.889,"BMW International Open","Golfclub München Eichenried"
"Winther, Jeff",150,-0.572,-0.002,37,-0.021,-0.037,0.088,-0.141,0.138,-0.184,0.012,-9999.000,-0.172,-0.719,2.932,"BMW International Open","Golfclub München Eichenried"
"Elvira, Manuel",150,-0.774,-0.076,28,0.017,0.000,0.126,-0.042,0.006,0.009,-0.010,-9999.000,-0.000,-0.742,2.927,"BMW International Open","Golfclub München Eichenried"
"Kobori, Kazuma",150,-0.585,0.011,23,0.040,0.038,0.044,-0.068,-0.060,-0.218,0.043,-9999.000,-0.175,-0.755,2.927,"BMW International Open","Golfclub München Eichenried"
"Vaillant, Tom",150,-0.842,0.019,23,0.041,0.046,-0.006,-0.007,-0.018,0.019,-0.010,-9999.000,0.009,-0.759,2.927,"BMW International Open","Golfclub München Eichenried"
"Elvira Mijares, Ignacio",150,-0.624,-0.060,38,-0.026,-0.028,-0.016,-0.081,0.157,-0.078,-0.010,-9999.000,-0.089,-0.766,2.863,"BMW International Open","Golfclub München Eichenried"
"Schott, Freddy",150,-1.097,0.067,24,0.038,-0.003,0.042,0.008,0.109,0.086,-0.024,-9999.000,0.061,-0.775,2.927,"BMW International Open","Golfclub München Eichenried"
"Green, Gavin",150,-0.726,-0.073,31,0.005,-0.048,0.087,-0.043,0.051,-0.026,-0.008,-9999.000,-0.034,-0.779,2.895,"BMW International Open","Golfclub München Eichenried"
"Forrest, Grant",150,-0.817,-0.086,32,0.003,-0.034,0.061,0.040,0.011,0.067,-0.033,-9999.000,0.034,-0.788,2.919,"BMW International Open","Golfclub München Eichenried"
"Halvorsen, Andreas",150,-0.779,-0.015,28,0.018,0.046,0.088,-0.078,-0.060,-0.005,-0.015,-9999.000,-0.020,-0.800,2.927,"BMW International Open","Golfclub München Eichenried"
"Larrazabal, Pablo",150,-0.936,0.020,42,-0.043,-0.013,-0.004,-0.051,0.337,-0.106,-0.010,-9999.000,-0.116,-0.806,2.923,"BMW International Open","Golfclub München Eichenried"
"Ramsay, Richie",150,-0.632,-0.045,42,-0.042,0.017,0.021,-0.060,0.070,-0.163,0.027,-9999.000,-0.136,-0.807,2.843,"BMW International Open","Golfclub München Eichenried"
"Kaymer, Martin",150,-0.926,0.033,40,-0.035,-0.002,0.108,-0.100,0.252,-0.132,-0.005,-9999.000,-0.137,-0.807,2.931,"BMW International Open","Golfclub München Eichenried"
"Migliozzi, Guido",150,-0.742,0.032,28,0.019,-0.016,-0.165,-0.029,0.113,-0.027,-0.012,-9999.000,-0.039,-0.827,2.925,"BMW International Open","Golfclub München Eichenried"
"Scrivener, Jason",150,-0.553,-0.066,36,-0.016,-0.036,0.019,-0.133,0.058,-0.119,0.008,-9999.000,-0.111,-0.837,2.866,"BMW International Open","Golfclub München Eichenried"
"Jamieson, Scott",150,-0.925,-0.010,41,-0.040,-0.054,-0.039,0.097,0.137,-0.030,0.002,-9999.000,-0.028,-0.864,2.901,"BMW International Open","Golfclub München Eichenried"
"Hidalgo, Angel",150,-0.960,-0.063,27,0.024,-0.009,0.056,0.141,-0.028,-0.044,0.005,-9999.000,-0.040,-0.878,2.909,"BMW International Open","Golfclub München Eichenried"
"Bryan, Wesley",150,-0.514,-0.076,35,-0.012,-0.010,-0.195,0.022,-0.060,0.001,-0.035,-9999.000,-0.035,-0.880,2.966,"BMW International Open","Golfclub München Eichenried"
"Dean, Joe",150,-0.921,-0.000,31,0.007,0.017,-0.060,0.022,0.001,0.054,-0.019,-9999.000,0.035,-0.899,2.927,"BMW International Open","Golfclub München Eichenried"
"Lagergren, Joakim",150,-1.148,0.052,33,-0.004,0.009,0.046,-0.089,0.230,0.016,-0.038,-9999.000,-0.023,-0.926,2.950,"BMW International Open","Golfclub München Eichenried"
"Sordet, Clement",150,-1.034,-0.023,32,-0.000,0.035,0.140,0.002,-0.038,0.001,-0.014,-9999.000,-0.013,-0.931,2.914,"BMW International Open","Golfclub München Eichenried"
"Cabrera Bello, Rafa",150,-1.029,0.005,41,-0.038,-0.035,0.184,-0.146,0.232,-0.094,-0.011,-9999.000,-0.105,-0.933,2.900,"BMW International Open","Golfclub München Eichenried"
"Southgate, Matthew",150,-1.070,0.054,36,-0.019,0.012,-0.214,0.138,0.163,-0.054,0.027,-9999.000,-0.027,-0.963,2.890,"BMW International Open","Golfclub München Eichenried"
"Otaegui, Adrian",150,-0.732,-0.062,32,0.000,-0.044,0.001,-0.056,0.065,-0.196,0.039,-9999.000,-0.157,-0.984,2.854,"BMW International Open","Golfclub München Eichenried"
"Wilson, Andrew",150,-0.971,-0.014,31,0.006,-0.021,-0.023,0.045,0.031,-0.043,0.004,-9999.000,-0.039,-0.986,2.927,"BMW International Open","Golfclub München Eichenried"
"Semikawa, Taiga",150,-0.864,0.025,24,0.037,-0.001,-0.165,-0.009,-0.060,0.052,-0.001,-9999.000,0.051,-0.987,2.927,"BMW International Open","Golfclub München Eichenried"
"Williams, Robin",150,-1.046,-0.003,23,0.040,0.038,-0.045,0.026,-0.060,0.095,-0.036,-9999.000,0.059,-0.992,2.927,"BMW International Open","Golfclub München Eichenried"
"Senior, Jack",150,-0.940,0.041,36,-0.019,0.010,0.069,-0.080,-0.004,-0.118,0.014,-9999.000,-0.104,-1.028,2.891,"BMW International Open","Golfclub München Eichenried"
"Ballester, Jose Luis",150,-1.096,-0.017,21,0.048,0.021,-0.107,0.023,-0.060,0.172,-0.048,-9999.000,0.124,-1.062,2.927,"BMW International Open","Golfclub München Eichenried"
"Bryant, Davis",150,-0.980,-0.014,25,0.032,-0.010,0.141,-0.055,-0.060,-0.143,0.017,-9999.000,-0.126,-1.072,2.927,"BMW International Open","Golfclub München Eichenried"
"Jarvis, Casey",150,-1.012,0.013,21,0.048,0.036,-0.228,0.080,-0.013,0.018,-0.014,-9999.000,0.003,-1.073,2.927,"BMW International Open","Golfclub München Eichenried"
"Purcell, Conor",150,-1.125,0.020,28,0.021,0.052,-0.021,0.044,-0.060,-0.006,-0.003,-9999.000,-0.008,-1.077,2.927,"BMW International Open","Golfclub München Eichenried"
"Kim, Minkyu",150,-1.000,-0.020,24,0.037,0.028,0.073,-0.058,-0.060,-0.082,-0.002,-9999.000,-0.084,-1.085,2.927,"BMW International Open","Golfclub München Eichenried"
"Forsstrom, Simon",150,-1.276,0.030,36,-0.016,0.041,0.140,0.094,-0.032,-0.068,0.002,-9999.000,-0.065,-1.085,2.927,"BMW International Open","Golfclub München Eichenried"
"Schmidt, Ben",150,-1.081,0.015,22,0.043,0.042,-0.037,0.021,-0.060,-0.025,-0.004,-9999.000,-0.028,-1.086,2.927,"BMW International Open","Golfclub München Eichenried"
"Fichardt, Darren",150,-1.202,0.048,50,-0.079,0.022,0.048,-0.035,0.268,-0.204,0.033,-9999.000,-0.172,-1.102,2.952,"BMW International Open","Golfclub München Eichenried"
"Smylie, Elvis",150,-0.945,-0.058,23,0.042,-0.055,0.007,0.002,-0.132,0.036,-0.018,-9999.000,0.018,-1.119,2.927,"BMW International Open","Golfclub München Eichenried"
"Hebert, Benjamin",150,-0.975,0.016,38,-0.026,0.015,0.005,-0.092,0.047,-0.124,0.004,-9999.000,-0.120,-1.129,2.930,"BMW International Open","Golfclub München Eichenried"
"Brown, Hamish",150,-1.133,0.012,26,0.027,-0.033,-0.040,0.010,-0.060,0.077,-0.040,-9999.000,0.037,-1.179,2.927,"BMW International Open","Golfclub München Eichenried"
"Micheluzzi, David",150,-1.115,-0.071,28,0.017,0.025,-0.059,-0.084,0.129,-0.016,-0.022,-9999.000,-0.038,-1.196,2.927,"BMW International Open","Golfclub München Eichenried"
"Pulkkanen, Tapio",150,-1.164,0.076,35,-0.011,-0.018,0.031,-0.046,-0.047,0.009,-0.031,-9999.000,-0.022,-1.200,2.932,"BMW International Open","Golfclub München Eichenried"
"Colsaerts, Nicolas",150,-1.336,0.037,42,-0.045,-0.072,0.055,0.035,0.103,0.042,-0.026,-9999.000,0.016,-1.205,2.928,"BMW International Open","Golfclub München Eichenried"
"Merritt, Troy",150,-1.056,-0.036,39,-0.032,-0.017,0.046,0.023,-0.060,-0.099,0.007,-9999.000,-0.093,-1.225,2.909,"BMW International Open","Golfclub München Eichenried"
"Wu, Ashun",150,-0.911,-0.018,40,-0.033,-0.036,-0.089,-0.075,0.071,-0.140,0.004,-9999.000,-0.136,-1.227,2.889,"BMW International Open","Golfclub München Eichenried"
"Girrbach, Joel",150,-1.620,0.009,31,0.003,0.036,0.059,0.245,0.064,-0.091,0.041,-9999.000,-0.049,-1.253,2.927,"BMW International Open","Golfclub München Eichenried"
"De Bruyn, Jannik",150,-1.559,0.053,25,0.030,0.032,-0.012,0.062,0.129,-0.009,-0.014,-9999.000,-0.023,-1.286,2.927,"BMW International Open","Golfclub München Eichenried"
"Lindberg, Mikael",150,-1.648,0.027,32,0.001,-0.010,0.058,0.035,0.080,0.193,-0.048,-9999.000,0.145,-1.313,2.927,"BMW International Open","Golfclub München Eichenried"
"De Leo, Gregorio",150,-1.325,0.018,25,0.033,0.035,-0.080,0.033,-0.032,0.006,-0.006,-9999.000,0.000,-1.318,2.927,"BMW International Open","Golfclub München Eichenried"
"Gumberg, Jordan",150,-1.519,-0.023,30,0.011,0.046,-0.008,0.161,0.019,-0.057,0.029,-9999.000,-0.028,-1.342,2.927,"BMW International Open","Golfclub München Eichenried"
"Horsey, David",150,-1.460,0.024,40,-0.034,-0.009,0.117,-0.035,0.298,-0.281,0.033,-9999.000,-0.248,-1.346,2.909,"BMW International Open","Golfclub München Eichenried"
"Wu, Brandon",150,-0.959,-0.025,28,0.019,0.068,-0.032,-0.231,-0.060,-0.117,-0.023,-9999.000,-0.139,-1.358,2.871,"BMW International Open","Golfclub München Eichenried"
"Levy, Alexander",150,-1.538,0.055,34,-0.010,-0.023,0.092,-0.052,0.181,-0.072,-0.003,-9999.000,-0.075,-1.370,2.924,"BMW International Open","Golfclub München Eichenried"
"Lombard, Zander",150,-1.445,0.045,30,0.010,-0.002,-0.151,-0.024,0.173,0.035,-0.033,-9999.000,0.002,-1.391,2.932,"BMW International Open","Golfclub München Eichenried"
"Bjerregaard, Lucas",150,-1.415,0.004,33,-0.006,-0.095,0.045,-0.068,0.130,0.010,-0.041,-9999.000,-0.030,-1.434,2.902,"BMW International Open","Golfclub München Eichenried"
"Vecchi Fossa, Jacopo",150,-1.577,0.018,30,0.008,-0.008,0.214,-0.009,-0.060,-0.115,0.011,-9999.000,-0.103,-1.517,2.927,"BMW International Open","Golfclub München Eichenried"
"Whitnell, Dale",150,-1.588,0.028,36,-0.019,0.031,0.060,-0.054,0.097,-0.078,-0.017,-9999.000,-0.095,-1.539,2.932,"BMW International Open","Golfclub München Eichenried"
"Sterne, Richard",150,-1.609,0.039,43,-0.050,0.017,0.024,0.085,-0.000,-0.057,-0.000,-9999.000,-0.057,-1.551,2.903,"BMW International Open","Golfclub München Eichenried"
"Johnston, Ryggs",150,-1.487,-0.014,25,0.034,0.054,-0.159,0.025,-0.060,0.086,-0.039,-9999.000,0.047,-1.560,2.927,"BMW International Open","Golfclub München Eichenried"
"Chappell, Kevin",150,-1.178,-0.076,38,-0.028,0.006,-0.185,-0.025,-0.060,-0.025,-0.026,-9999.000,-0.051,-1.597,2.894,"BMW International Open","Golfclub München Eichenried"
"Aiken, Thomas",150,-1.209,0.013,41,-0.042,-0.027,-0.062,-0.138,0.129,-0.308,0.034,-9999.000,-0.274,-1.610,2.873,"BMW International Open","Golfclub München Eichenried"
"Gale, Daniel",150,-1.710,-0.058,29,0.016,0.063,0.045,0.015,-0.060,0.119,-0.050,-9999.000,0.069,-1.620,2.927,"BMW International Open","Golfclub München Eichenried"
"Ahlawat, Veer",150,-1.677,-0.018,29,0.015,0.040,0.046,0.044,-0.060,-0.034,0.003,-9999.000,-0.031,-1.641,2.927,"BMW International Open","Golfclub München Eichenried"
"Naidoo, Dylan",150,-1.377,0.022,27,0.024,0.001,-0.234,0.010,-0.060,-0.051,-0.013,-9999.000,-0.064,-1.679,2.927,"BMW International Open","Golfclub München Eichenried"
"Fisher, Ross",150,-1.896,0.055,44,-0.054,-0.054,-0.050,0.024,0.245,0.056,-0.026,-9999.000,0.029,-1.700,2.926,"BMW International Open","Golfclub München Eichenried"
"Garcia-Heredia, Alfredo",150,-1.766,-0.052,43,-0.049,-0.031,-0.023,0.070,0.164,0.016,-0.033,-9999.000,-0.017,-1.703,2.898,"BMW International Open","Golfclub München Eichenried"
"Long, Hurly",150,-1.787,0.021,29,0.012,-0.020,-0.050,0.043,0.119,-0.020,-0.026,-9999.000,-0.046,-1.708,2.893,"BMW International Open","Golfclub München Eichenried"
"Van Velzen, Ryan",150,-1.636,0.022,23,0.040,0.022,-0.068,0.020,-0.060,-0.068,-0.001,-9999.000,-0.070,-1.729,2.927,"BMW International Open","Golfclub München Eichenried"
"Baldwin, Matthew",150,-1.747,0.002,39,-0.030,0.009,-0.001,-0.008,0.157,-0.110,-0.002,-9999.000,-0.112,-1.730,2.936,"BMW International Open","Golfclub München Eichenried"
"Germishuys, Deon",150,-1.631,0.014,25,0.031,0.034,0.011,-0.022,-0.050,-0.166,0.016,-9999.000,-0.150,-1.764,2.927,"BMW International Open","Golfclub München Eichenried"
"Erickson, Dan",150,-1.839,-0.014,26,0.028,0.046,0.030,0.017,-0.060,0.055,-0.030,-9999.000,0.026,-1.766,2.927,"BMW International Open","Golfclub München Eichenried"
"Tetak, Tadeáš",150,-1.620,-0.015,25,0.033,0.047,-0.018,-0.057,-0.060,-0.065,-0.011,-9999.000,-0.077,-1.768,2.927,"BMW International Open","Golfclub München Eichenried"
"Sharma, Shubhankar",150,-1.448,-0.058,28,0.017,-0.040,-0.104,-0.028,-0.039,-0.111,0.003,-9999.000,-0.108,-1.810,2.935,"BMW International Open","Golfclub München Eichenried"
"Christensen, Tiger",150,-1.994,0.047,21,0.048,0.035,-0.011,-0.017,0.006,0.080,-0.034,-9999.000,0.045,-1.841,2.927,"BMW International Open","Golfclub München Eichenried"
"Ko, Jeong Weon",150,-1.608,0.005,27,0.024,-0.034,-0.069,-0.062,-0.048,-0.027,-0.030,-9999.000,-0.057,-1.849,2.927,"BMW International Open","Golfclub München Eichenried"
"Jin, Zihao",150,-1.609,-0.003,26,0.028,0.015,-0.076,-0.010,-0.060,-0.158,0.008,-9999.000,-0.150,-1.865,2.927,"BMW International Open","Golfclub München Eichenried"
"Glawe, Wolfgang",150,-2.079,0.040,22,0.044,0.000,0.259,-0.014,-0.060,-0.071,-0.009,-9999.000,-0.079,-1.889,2.927,"BMW International Open","Golfclub München Eichenried"
"Frances, Alexander George",150,-1.806,0.012,28,0.019,-0.035,-0.004,-0.028,-0.060,-0.071,-0.014,-9999.000,-0.086,-1.988,2.927,"BMW International Open","Golfclub München Eichenried"
"Akesson, Bjorn",150,-1.999,0.041,36,-0.018,0.055,-0.078,-0.027,-0.008,0.032,-0.029,-9999.000,0.003,-2.031,2.927,"BMW International Open","Golfclub München Eichenried"
"Moscatel, Joel",150,-2.019,-0.065,26,0.025,0.043,-0.085,0.074,-0.060,0.067,-0.015,-9999.000,0.052,-2.034,2.927,"BMW International Open","Golfclub München Eichenried"
"Donald, Luke",150,-1.090,0.015,47,-0.067,-0.089,-0.370,-0.284,0.051,-0.247,-0.011,-9999.000,-0.258,-2.092,2.866,"BMW International Open","Golfclub München Eichenried"
"Shaun, Corey",150,-1.710,-0.014,28,0.018,-0.018,0.012,-0.148,-0.060,-0.193,0.012,-9999.000,-0.181,-2.101,2.927,"BMW International Open","Golfclub München Eichenried"
"Schwab, Matthias",150,-2.063,0.089,30,0.009,-0.057,-0.076,-0.047,0.183,-0.142,-0.012,-9999.000,-0.154,-2.117,2.921,"BMW International Open","Golfclub München Eichenried"
"Wiedemeyer, Tim",130,-2.315,0.040,20,0.057,0.000,0.067,-0.014,-0.027,0.016,-0.022,-9999.000,-0.006,-2.198,2.927,"BMW International Open","Golfclub München Eichenried"
"Pineau, Pierre",150,-1.928,-0.027,25,0.030,0.005,-0.002,-0.149,-0.021,-0.096,-0.028,-9999.000,-0.124,-2.215,2.927,"BMW International Open","Golfclub München Eichenried"
"Hirmer, Michael",150,-2.461,-0.003,28,0.019,-0.008,-0.190,-0.016,0.027,0.072,-0.040,-9999.000,0.032,-2.600,2.927,"BMW International Open","Golfclub München Eichenried"
"Strydom, Ockie",150,-2.292,0.043,40,-0.035,-0.017,-0.376,0.039,-0.056,-0.018,-0.028,-9999.000,-0.046,-2.741,2.977,"BMW International Open","Golfclub München Eichenried"
"Bryan, George",51,-2.644,-0.076,37,-0.046,-0.043,-0.351,-0.078,-0.060,-0.047,-0.038,-9999.000,-0.085,-3.383,2.961,"BMW International Open","Golfclub München Eichenried"
"Horder, Nicolas",150,-3.745,0.040,25,0.033,0.000,-0.093,-0.014,-0.060,-0.144,-0.021,-9999.000,-0.165,-4.004,2.927,"BMW International Open","Golfclub München Eichenried"
"Trainer, Martin",150,-3.299,-0.015,34,-0.007,0.063,-0.850,-0.143,-0.060,-0.039,-0.066,-9999.000,-0.106,-4.417,2.979,"BMW International Open","Golfclub München Eichenried"
"Barnes, Erik",150,-3.926,-0.076,37,-0.023,-0.006,-0.676,-0.249,-0.060,-0.068,-0.076,-9999.000,-0.144,-5.160,2.951,"BMW International Open","Golfclub München Eichenried"
