name_p1,name_p2,ties,market,betcris_p1,betcris_p2,betcris_tie,pinnacle_p1,pinnacle_p2,pinnacle_tie,draftkings_p1,draftkings_p2,draftkings_tie,bet365_p1,bet365_p2,bet365_tie,fanduel_p1,fanduel_p2,fanduel_tie,betmgm_p1,betmgm_p2,betmgm_tie,pointsbet_p1,pointsbet_p2,pointsbet_tie,bovada_p1,bovada_p2,bovada_tie,betonline_p1,betonline_p2,betonline_tie,caesars_p1,caesars_p2,caesars_tie,unibet_p1,unibet_p2,unibet_tie,datagolf_p1,datagolf_p2,datagolf_tie
"Yu, Kevin","Bezuidenhout, Christiaan",void,r1 match-up,null,null,null,null,null,null,null,null,null,-110,-110,null,null,null,null,null,null,null,null,null,null,-110,-110,null,-110,-110,null,null,null,null,null,null,null,-106,+106,null
"Taylor, Nick","Kim, Tom",void,r1 match-up,null,null,null,null,null,null,null,null,null,-115,-105,null,null,null,null,null,null,null,null,null,null,-115,-105,null,null,null,null,null,null,null,null,null,null,-119,+119,null
"Hughes, Mackenzie","Hall, Harry",void,r1 match-up,null,null,null,null,null,null,null,null,null,-110,-110,null,null,null,null,null,null,null,null,null,null,-110,-110,null,null,null,null,null,null,null,null,null,null,-104,+104,null
"Day, Jason","Finau, Tony",void,r1 match-up,null,null,null,null,null,null,null,null,null,-110,-110,null,null,null,null,null,null,null,null,null,null,-110,-110,null,-105,-115,null,null,null,null,null,null,null,+101,-101,null
"Fox, Ryan","Thompson, Davis",void,r1 match-up,null,null,null,null,null,null,null,null,null,-105,-115,null,null,null,null,null,null,null,null,null,null,-105,-115,null,null,null,null,null,null,null,null,null,null,+118,-118,null
"Fleetwood, Tommy","Hovland, Viktor",void,r1 match-up,-123,-107,null,null,null,null,null,null,null,-115,-105,null,null,null,null,null,null,null,null,null,null,-115,-105,null,null,null,null,null,null,null,null,null,null,-118,+118,null
"Scott, Adam","Griffin, Ben",void,r1 match-up,null,null,null,null,null,null,null,null,null,+100,-120,null,null,null,null,null,null,null,null,null,null,+100,-120,null,null,null,null,null,null,null,null,null,null,+118,-118,null
"Berger, Daniel","MacIntyre, Robert",void,r1 match-up,null,null,null,null,null,null,null,null,null,-110,-110,null,null,null,null,null,null,null,null,null,null,-110,-110,null,null,null,null,null,null,null,null,null,null,+106,-106,null
"Bradley, Keegan","Burns, Sam",void,r1 match-up,null,null,null,null,null,null,null,null,null,-115,-105,null,null,null,null,null,null,null,null,null,null,-115,-105,null,null,null,null,null,null,null,null,null,null,-120,+120,null
"McIlroy, Rory","Aberg, Ludvig",void,r1 match-up,null,null,null,null,null,null,null,null,null,-130,+110,null,null,null,null,null,null,null,null,null,null,-130,+110,null,-130,+109,null,null,null,null,null,null,null,-115,+115,null
"Lowry, Shane","Henley, Russell",void,r1 match-up,null,null,null,null,null,null,null,null,null,+100,-120,null,null,null,null,null,null,null,null,null,null,+100,-120,null,null,null,null,null,null,null,null,null,null,+114,-114,null
"Cantlay, Patrick","Schauffele, Xander",void,r1 match-up,null,null,null,null,null,null,null,null,null,-105,-115,null,null,null,null,null,null,null,null,null,null,-105,-115,null,null,null,null,null,null,null,null,null,null,+100,-100,null
"Harman, Brian","Kim, Si Woo",void,r1 match-up,null,null,null,null,null,null,null,null,null,+100,-120,null,null,null,null,null,null,null,null,null,null,+100,-120,null,null,null,null,null,null,null,null,null,null,+124,-124,null
"Spieth, Jordan","Rai, Aaron",void,r1 match-up,null,null,null,null,null,null,null,null,null,-105,-115,null,null,null,null,null,null,null,null,null,null,-105,-115,null,null,null,null,null,null,null,null,null,null,+117,-117,null
"Thomas, Justin","Straka, Sepp",void,r1 match-up,null,null,null,null,null,null,null,null,null,-105,-115,null,null,null,null,null,null,null,null,null,null,-105,-115,null,null,null,null,null,null,null,null,null,null,+115,-115,null
"Matsuyama, Hideki","Spaun, J.J.",void,r1 match-up,null,null,null,null,null,null,-110,-115,null,-105,-115,null,-110,-115,null,null,null,null,null,null,null,-105,-115,null,null,null,null,null,null,null,null,null,null,+115,-115,null
"Scheffler, Scottie","Morikawa, Collin",void,r1 match-up,-173,+137,null,null,null,null,null,null,null,-180,+150,null,null,null,null,null,null,null,null,null,null,-185,+150,null,-185,+153,null,null,null,null,null,null,null,-167,+167,null
"Cauley, Bud","Campbell, Brian",separate bet offered,r1 match-up,null,null,null,null,null,null,null,null,null,-150,+162,+750,null,null,null,null,null,null,-150,+165,+750,null,null,null,null,null,null,null,null,null,null,null,null,-122,+187,+877
"Cauley, Bud","Campbell, Brian",void,r1 match-up,null,null,null,null,null,null,-180,+145,null,null,null,null,-190,+140,null,-200,+160,null,null,null,null,-185,+150,null,null,null,null,-185,+145,null,-186,+145,null,-158,+158,null
"Taylor, Nick","Yu, Kevin",separate bet offered,r1 match-up,null,null,null,null,null,null,null,null,null,+100,+110,+750,null,null,null,null,null,null,+100,+115,+700,null,null,null,null,null,null,null,null,null,null,null,null,+110,+138,+862
"Taylor, Nick","Yu, Kevin",void,r1 match-up,null,null,null,null,null,null,-120,-105,null,null,null,null,-120,-110,null,-125,+100,null,null,null,null,-115,-105,null,null,null,null,-125,-105,null,-125,-103,null,-113,+113,null
"Kim, Tom","Highsmith, Joe",separate bet offered,r1 match-up,null,null,null,null,null,null,null,null,null,-130,+140,+750,null,null,null,null,null,null,-140,+140,+750,null,null,null,null,null,null,null,null,null,null,null,null,-111,+165,+922
"Kim, Tom","Highsmith, Joe",void,r1 match-up,null,null,null,null,null,null,-160,+130,null,null,null,null,-165,+125,null,-167,+135,null,null,null,null,-145,+120,null,null,null,null,-155,+122,null,-162,+126,null,-139,+139,null
"Lee, Min Woo","Hall, Harry",separate bet offered,r1 match-up,null,null,null,null,null,null,null,null,null,+100,+110,+750,null,null,null,null,null,null,+105,+110,+700,null,null,null,null,null,null,null,null,null,null,null,null,+130,+118,+840
"Lee, Min Woo","Hall, Harry",void,r1 match-up,null,null,null,null,null,null,-115,-110,null,null,null,null,-115,-115,null,-105,-118,null,null,null,null,-115,-105,null,+100,-120,null,-120,-110,null,-120,-107,null,+106,-106,null
"Hughes, Mackenzie","Schmid, Matti",separate bet offered,r1 match-up,null,null,null,null,null,null,null,null,null,-110,+120,+750,null,null,null,null,null,null,-120,+130,+750,null,null,null,null,null,null,null,null,null,null,null,null,-102,+155,+882
"Hughes, Mackenzie","Schmid, Matti",void,r1 match-up,null,null,null,null,null,null,-140,+115,null,null,null,null,-150,+110,null,-133,+105,null,null,null,null,-125,+105,null,null,null,null,-145,+115,null,-143,+112,null,-129,+129,null
"Finau, Tony","Bezuidenhout, Christiaan",separate bet offered,r1 match-up,null,null,null,null,null,null,null,null,null,+100,+110,+750,null,null,null,null,null,null,-105,+120,+700,null,null,null,null,null,null,null,null,null,null,null,null,+107,+142,+870
"Finau, Tony","Bezuidenhout, Christiaan",void,r1 match-up,null,null,null,null,null,null,-125,+105,null,null,null,null,-140,+100,null,-125,+100,null,null,null,null,-115,-105,null,null,null,null,-135,+105,null,-136,+108,null,-117,+117,null
"Pavon, Matthieu","Clark, Wyndham",separate bet offered,r1 match-up,null,null,null,null,null,null,null,null,null,+130,-120,+750,null,null,null,null,null,null,+140,-125,+750,null,null,null,null,null,null,null,null,null,null,null,null,+164,-110,+921
"Pavon, Matthieu","Clark, Wyndham",void,r1 match-up,null,null,null,null,null,null,+125,-150,null,null,null,null,+115,-165,null,null,null,null,null,null,null,+115,-135,null,null,null,null,+122,-155,null,+126,-162,null,+138,-138,null
"Day, Jason","Homa, Max",separate bet offered,r1 match-up,null,null,null,null,null,null,null,null,null,-125,+137,+750,null,null,null,null,null,null,-120,+140,+750,null,null,null,null,null,null,null,null,null,null,null,null,-129,+196,+917
"Day, Jason","Homa, Max",void,r1 match-up,null,null,null,null,null,null,-155,+130,null,null,null,null,-150,+110,null,-149,+120,null,null,null,null,-155,+130,null,null,null,null,-155,+122,null,-152,+120,null,-167,+167,null
"An, Byeong Hun","Eckroat, Austin",separate bet offered,r1 match-up,null,null,null,null,null,null,null,null,null,-110,+120,+750,null,null,null,null,null,null,+100,+115,+750,null,null,null,null,null,null,null,null,null,null,null,null,+121,+125,+874
"An, Byeong Hun","Eckroat, Austin",void,r1 match-up,null,null,null,null,null,null,-125,+100,null,null,null,null,-125,-105,null,-125,+100,null,null,null,null,-125,+105,null,null,null,null,-125,-105,null,-125,-103,null,-102,+102,null
"Jaeger, Stephan","Thompson, Davis",separate bet offered,r1 match-up,null,null,null,null,null,null,null,null,null,+110,+100,+750,null,null,null,null,null,null,+120,-105,+750,null,null,null,null,null,null,null,null,null,null,null,null,+153,-101,+894
"Jaeger, Stephan","Thompson, Davis",void,r1 match-up,null,null,null,null,null,null,+105,-125,null,null,null,null,+100,-140,null,-105,-118,null,null,null,null,-115,-105,null,null,null,null,+105,-135,null,-107,-120,null,+127,-127,null
"Hadwin, Adam","Greyserman, Max",separate bet offered,r1 match-up,null,null,null,null,null,null,null,null,null,+150,-138,+750,null,null,null,null,null,null,+150,-140,+750,null,null,null,null,null,null,null,null,null,null,null,null,+178,-117,+903
"Hadwin, Adam","Greyserman, Max",void,r1 match-up,null,null,null,null,null,null,+135,-165,null,null,null,null,+130,-175,null,+135,-167,null,null,null,null,+135,-160,null,null,null,null,+130,-170,null,+126,-162,null,+150,-150,null
"Fleetwood, Tommy","Hoge, Tom",separate bet offered,r1 match-up,null,null,null,null,null,null,null,null,null,-125,+137,+750,null,null,null,null,null,null,-125,+140,+700,null,null,null,null,null,null,null,null,null,null,null,null,-121,+184,+906
"Fleetwood, Tommy","Hoge, Tom",void,r1 match-up,null,null,null,null,null,null,-155,+125,null,null,null,null,-165,+120,null,-167,+135,null,null,null,null,-145,+120,null,null,null,null,-155,+122,null,-162,+126,null,-156,+156,null
"Scott, Adam","Young, Cameron",separate bet offered,r1 match-up,null,null,null,null,null,null,null,null,null,+115,-105,+750,null,null,null,null,null,null,+110,+100,+750,null,null,null,null,null,null,null,null,null,null,null,null,+113,+134,+876
"Scott, Adam","Young, Cameron",void,r1 match-up,-124,-106,null,null,null,null,-105,-115,null,null,null,null,-110,-120,null,-105,-118,null,null,null,null,+100,-120,null,null,null,null,-110,-120,null,-107,-120,null,-110,+110,null
"Hovland, Viktor","MacIntyre, Robert",separate bet offered,r1 match-up,null,null,null,null,null,null,null,null,null,+100,+110,+750,null,null,null,null,null,null,+100,+110,+700,null,null,null,null,null,null,null,null,null,null,null,null,+125,+121,+863
"Hovland, Viktor","MacIntyre, Robert",void,r1 match-up,null,null,null,null,null,null,-120,-105,null,null,null,null,-120,-110,null,-118,-105,null,null,null,null,-115,-105,null,null,null,null,-125,-105,null,-120,-107,null,+102,-102,null
"Burns, Sam","Aberg, Ludvig",separate bet offered,r1 match-up,null,null,null,null,null,null,null,null,null,+110,+100,+750,null,null,null,null,null,null,+120,-105,+700,null,null,null,null,null,null,null,null,null,null,null,null,+129,+116,+885
"Burns, Sam","Aberg, Ludvig",void,r1 match-up,null,null,null,null,null,null,+105,-125,null,null,null,null,+100,-140,null,+100,-125,null,null,null,null,-105,-115,null,null,null,null,+100,-130,null,-107,-120,null,+106,-106,null
"McIlroy, Rory","Bradley, Keegan",separate bet offered,r1 match-up,null,null,null,null,null,null,null,null,null,-120,+130,+750,null,null,null,null,null,null,-110,+125,+700,null,null,null,null,null,null,null,null,null,null,null,null,+121,+125,+866
"McIlroy, Rory","Bradley, Keegan",void,r1 match-up,-127,-103,null,null,null,null,-140,+115,null,null,null,null,-150,+105,null,-143,+115,null,null,null,null,-135,+115,null,null,null,null,-135,+105,null,-136,+108,null,-102,+102,null
"Fox, Ryan","Griffin, Ben",separate bet offered,r1 match-up,null,null,null,null,null,null,null,null,null,+130,-120,+750,null,null,null,null,null,null,+130,-115,+700,null,null,null,null,null,null,null,null,null,null,null,null,+173,-114,+895
"Fox, Ryan","Griffin, Ben",void,r1 match-up,null,null,null,null,null,null,+125,-150,null,null,null,null,+110,-150,null,+115,-143,null,null,null,null,+115,-135,null,null,null,null,+115,-145,null,+112,-143,null,+145,-145,null
"Glover, Lucas","English, Harris",separate bet offered,r1 match-up,null,null,null,null,null,null,null,null,null,+130,-120,+750,null,null,null,null,null,null,+130,-115,+700,null,null,null,null,null,null,null,null,null,null,null,null,+148,+104,+846
"Glover, Lucas","English, Harris",void,r1 match-up,null,null,null,null,null,null,+115,-140,null,null,null,null,+110,-150,null,+120,-167,null,null,null,null,+115,-135,null,null,null,null,+115,-145,null,+120,-152,null,+122,-122,null
"Berger, Daniel","Stevens, Sam",separate bet offered,r1 match-up,null,null,null,null,null,null,null,null,null,-120,+130,+750,null,null,null,null,null,null,-115,+130,+700,null,null,null,null,null,null,null,null,null,null,null,null,-106,+160,+887
"Berger, Daniel","Stevens, Sam",void,r1 match-up,null,null,null,null,null,null,-140,+115,null,null,null,null,-150,+110,null,-133,+105,null,null,null,null,-135,+115,null,null,null,null,-145,+115,null,-152,+120,null,-134,+134,null
"Woodland, Gary","Vegas, Jhonattan",separate bet offered,r1 match-up,null,null,null,null,null,null,null,null,null,+110,+100,+750,null,null,null,null,null,null,+105,+110,+750,null,null,null,null,null,null,null,null,null,null,null,null,+132,+115,+858
"Woodland, Gary","Vegas, Jhonattan",void,r1 match-up,null,null,null,null,null,null,-115,-110,null,null,null,null,-115,-115,null,-111,-111,null,null,null,null,-105,-115,null,null,null,null,-120,-110,null,-107,-120,null,+108,-108,null
"Fowler, Rickie","Kim, Michael",separate bet offered,r1 match-up,null,null,null,null,null,null,null,null,null,-110,+120,+750,null,null,null,null,null,null,+100,+115,+700,null,null,null,null,null,null,null,null,null,null,null,null,+126,+121,+859
"Fowler, Rickie","Kim, Michael",void,r1 match-up,null,null,null,null,null,null,-125,+100,null,null,null,null,-125,-105,null,-133,+105,null,null,null,null,-125,+105,null,null,null,null,-125,-105,null,-132,+104,null,+102,-102,null
"McNealy, Maverick","Gerard, Ryan",separate bet offered,r1 match-up,null,null,null,null,null,null,null,null,null,-110,+120,+750,null,null,null,null,null,null,-110,+125,+700,null,null,null,null,null,null,null,null,null,null,null,null,+105,+143,+887
"McNealy, Maverick","Gerard, Ryan",void,r1 match-up,null,null,null,null,null,null,-135,+110,null,null,null,null,-140,+105,null,null,null,null,null,null,null,-125,+105,null,null,null,null,-135,+105,null,-136,+108,null,-118,+118,null
"Henley, Russell","Dunlap, Nick",separate bet offered,r1 match-up,null,null,null,null,null,null,null,null,null,-250,+260,+850,null,null,null,null,null,null,-280,+260,+800,null,null,null,null,null,null,null,null,null,null,null,null,-282,+438,+1215
"Henley, Russell","Dunlap, Nick",void,r1 match-up,null,null,null,null,null,null,-310,+250,null,null,null,null,-340,+230,null,-333,+250,null,null,null,null,-300,+245,null,null,null,null,-320,+240,null,-335,+250,null,-397,+397,null
"Cantlay, Patrick","Im, Sungjae",separate bet offered,r1 match-up,null,null,null,null,null,null,null,null,null,-120,+130,+750,null,null,null,null,null,null,-120,+140,+700,null,null,null,null,null,null,null,null,null,null,null,null,-104,+158,+875
"Cantlay, Patrick","Im, Sungjae",void,r1 match-up,null,null,null,null,null,null,-150,+125,null,null,null,null,-165,+115,null,-167,+135,null,null,null,null,-135,+115,null,null,null,null,-155,+122,null,-143,+112,null,-131,+131,null
"Noren, Alex","Davis, Cam",separate bet offered,r1 match-up,null,null,null,null,null,null,null,null,null,-120,+130,+750,null,null,null,null,null,null,-120,+140,+750,null,null,null,null,null,null,null,null,null,null,null,null,-107,+164,+869
"Noren, Alex","Davis, Cam",void,r1 match-up,null,null,null,null,null,null,-150,+120,null,null,null,null,-150,+115,null,-149,+120,null,null,null,null,-135,+115,null,null,null,null,-145,+115,null,-143,+112,null,-137,+137,null
"Pendrith, Taylor","Cole, Eric",separate bet offered,r1 match-up,null,null,null,null,null,null,null,null,null,-125,+137,+750,null,null,null,null,null,null,-120,+140,+750,null,null,null,null,null,null,null,null,null,null,null,null,-117,+178,+887
"Pendrith, Taylor","Cole, Eric",void,r1 match-up,null,null,null,null,null,null,-150,+120,null,null,null,null,null,null,null,-149,+120,null,null,null,null,-145,+120,null,null,null,null,-155,+122,null,-162,+126,null,-150,+150,null
"Detry, Thomas","Kim, Si Woo",separate bet offered,r1 match-up,null,null,null,null,null,null,null,null,null,+130,-120,+750,null,null,null,null,null,null,+130,-115,+700,null,null,null,null,null,null,null,null,null,null,null,null,+172,-112,+855
"Detry, Thomas","Kim, Si Woo",void,r1 match-up,null,null,null,null,null,null,+115,-140,null,null,null,null,+110,-150,null,+120,-149,null,null,null,null,+115,-135,null,null,null,null,+115,-145,null,+120,-152,null,+144,-144,null
"Harman, Brian","Bhatia, Akshay",separate bet offered,r1 match-up,null,null,null,null,null,null,null,null,null,+100,+110,+750,null,null,null,null,null,null,+105,+105,+700,null,null,null,null,null,null,null,null,null,null,null,null,+124,+122,+864
"Harman, Brian","Bhatia, Akshay",void,r1 match-up,-115,-115,null,null,null,null,-110,-110,null,null,null,null,-115,-115,null,-111,-111,null,null,null,null,-115,-105,null,null,null,null,-115,-115,null,-120,-107,null,+101,-101,null
"Straka, Sepp","Rai, Aaron",separate bet offered,r1 match-up,null,null,null,null,null,null,null,null,null,+100,+110,+750,null,null,null,null,null,null,-105,+115,+700,null,null,null,null,null,null,null,null,null,null,null,null,+117,+131,+844
"Straka, Sepp","Rai, Aaron",void,r1 match-up,-124,-106,null,null,null,null,-125,+105,null,null,null,null,-125,-105,null,-125,+100,null,null,null,null,-115,-105,null,null,null,null,-130,+100,null,-120,-107,null,-107,+107,null
"Lowry, Shane","McCarthy, Denny",separate bet offered,r1 match-up,null,null,null,null,null,null,null,null,null,-120,+130,+750,null,null,null,null,null,null,null,null,null,null,null,null,null,null,null,null,null,null,null,null,null,-105,+158,+885
"Lowry, Shane","McCarthy, Denny",void,r1 match-up,null,null,null,null,null,null,-135,+110,null,null,null,null,-140,+105,null,-133,+105,null,null,null,null,-135,+115,null,null,null,null,-135,+105,null,-136,+108,null,-132,+132,null
"Fitzpatrick, Matt","Poston, J.T.",separate bet offered,r1 match-up,null,null,null,null,null,null,null,null,null,+110,+100,+750,null,null,null,null,null,null,null,null,null,null,null,null,null,null,null,null,null,null,null,null,null,+138,+110,+866
"Fitzpatrick, Matt","Poston, J.T.",void,r1 match-up,null,null,null,null,null,null,-105,-120,null,null,null,null,-110,-120,null,-105,-118,null,null,null,null,-105,-115,null,null,null,null,-105,-125,null,-107,-120,null,+113,-113,null
"Matsuyama, Hideki","Thomas, Justin",separate bet offered,r1 match-up,null,null,null,null,null,null,null,null,null,+120,-110,+750,null,null,null,null,null,null,null,null,null,null,null,null,null,null,null,null,null,null,null,null,null,+137,+110,+878
"Matsuyama, Hideki","Thomas, Justin",void,r1 match-up,null,null,null,null,null,null,+105,-130,null,null,null,null,+105,-140,null,+105,-133,null,null,null,null,+105,-125,null,null,null,null,+105,-135,null,-103,-125,null,+113,-113,null
"Schauffele, Xander","Morikawa, Collin",separate bet offered,r1 match-up,null,null,null,null,null,null,null,null,null,+110,+100,+750,null,null,null,null,null,null,null,null,null,null,null,null,null,null,null,null,null,null,null,null,null,+140,+108,+875
"Schauffele, Xander","Morikawa, Collin",void,r1 match-up,null,null,null,null,null,null,-110,-110,null,null,null,null,-115,-115,null,-111,-111,null,null,null,null,+100,-120,null,null,null,null,-115,-115,null,-107,-120,null,+115,-115,null
"Spaun, J.J.","Scheffler, Scottie",separate bet offered,r1 match-up,null,null,null,null,null,null,null,null,null,+240,-220,+750,null,null,null,null,null,null,null,null,null,null,null,null,null,null,null,null,null,null,null,null,null,+255,-166,+958
"Spaun, J.J.","Scheffler, Scottie",void,r1 match-up,null,null,null,null,null,null,+225,-275,null,null,null,null,+200,-280,null,+225,-303,null,null,null,null,+210,-250,null,null,null,null,+220,-290,null,+195,-250,null,+221,-221,null
"Spieth, Jordan","Clanton, Luke",separate bet offered,r1 match-up,null,null,null,null,null,null,null,null,null,-120,+130,+750,null,null,null,null,null,null,null,null,null,null,null,null,null,null,null,null,null,null,null,null,null,-110,+170,+841
"Spieth, Jordan","Clanton, Luke",void,r1 match-up,null,null,null,null,null,null,-140,+115,null,null,null,null,-150,+105,null,-143,+115,null,null,null,null,-135,+115,null,null,null,null,-145,+115,null,-143,+112,null,-142,+142,null
"Novak, Andrew","Bridgeman, Jacob",separate bet offered,r1 match-up,null,null,null,null,null,null,null,null,null,-110,+120,+750,null,null,null,null,null,null,null,null,null,null,null,null,null,null,null,null,null,null,null,null,null,+100,+152,+865
"Novak, Andrew","Bridgeman, Jacob",void,r1 match-up,null,null,null,null,null,null,-125,+105,null,null,null,null,-140,+100,null,-133,+105,null,null,null,null,-125,+105,null,null,null,null,-135,+105,null,-132,+104,null,-126,+126,null
"Cauley, Bud","Kim, Tom",void,r1 match-up,null,null,null,null,null,null,null,null,null,null,null,null,null,null,null,null,null,null,null,null,null,null,null,null,-115,-105,null,null,null,null,null,null,null,-111,+111,null
"Taylor, Nick","Hughes, Mackenzie",void,r1 match-up,null,null,null,null,null,null,null,null,null,null,null,null,null,null,null,null,null,null,null,null,null,null,null,null,-125,+105,null,null,null,null,null,null,null,-114,+114,null
"Schmid, Matti","Clark, Wyndham",void,r1 match-up,null,null,null,null,null,null,null,null,null,null,null,null,null,null,null,null,null,null,null,null,null,null,null,null,-105,-115,null,null,null,null,null,null,null,+105,-105,null
"Homa, Max","Eckroat, Austin",void,r1 match-up,null,null,null,null,null,null,null,null,null,null,null,null,null,null,null,null,null,null,null,null,null,null,null,null,+105,-125,null,null,null,null,null,null,null,+116,-116,null
"An, Byeong Hun","Jaeger, Stephan",void,r1 match-up,null,null,null,null,null,null,null,null,null,null,null,null,null,null,null,null,null,null,null,null,null,null,null,null,-115,-105,null,null,null,null,null,null,null,+100,-100,null
"Greyserman, Max","Thompson, Davis",void,r1 match-up,null,null,null,null,null,null,null,null,null,null,null,null,null,null,null,null,null,null,null,null,null,null,null,null,-115,-105,null,null,null,null,null,null,null,+109,-109,null
"Fleetwood, Tommy","Young, Cameron",void,r1 match-up,null,null,null,null,null,null,null,null,null,null,null,null,null,null,null,null,null,null,null,null,null,null,null,null,-160,+133,null,null,null,null,null,null,null,-154,+154,null
"Scott, Adam","Hoge, Tom",void,r1 match-up,null,null,null,null,null,null,null,null,null,null,null,null,null,null,null,null,null,null,null,null,null,null,null,null,-125,+105,null,null,null,null,null,null,null,-113,+113,null
"Hovland, Viktor","Burns, Sam",void,r1 match-up,null,null,null,null,null,null,null,null,null,null,null,null,null,null,null,null,null,null,null,null,null,null,null,null,-115,-105,null,null,null,null,null,null,null,-109,+109,null
"Bradley, Keegan","MacIntyre, Robert",void,r1 match-up,null,null,null,null,null,null,null,null,null,null,null,null,null,null,null,null,null,null,null,null,null,null,null,null,-120,+100,null,null,null,null,null,null,null,-107,+107,null
"Berger, Daniel","Griffin, Ben",void,r1 match-up,-110,-120,null,null,null,null,null,null,null,null,null,null,null,null,null,null,null,null,null,null,null,null,null,null,-115,-105,null,null,null,null,null,null,null,+103,-103,null
"Fox, Ryan","English, Harris",void,r1 match-up,null,null,null,null,null,null,null,null,null,null,null,null,null,null,null,null,null,null,null,null,null,null,null,null,+113,-135,null,null,null,null,null,null,null,+123,-123,null
"Glover, Lucas","Fowler, Rickie",void,r1 match-up,null,null,null,null,null,null,null,null,null,null,null,null,null,null,null,null,null,null,null,null,null,null,null,null,-115,-105,null,null,null,null,null,null,null,-106,+106,null
"Stevens, Sam","Gerard, Ryan",void,r1 match-up,null,null,null,null,null,null,null,null,null,null,null,null,null,null,null,null,null,null,null,null,null,null,null,null,-115,-105,null,null,null,null,null,null,null,+103,-103,null
"Noren, Alex","Kim, Michael",void,r1 match-up,null,null,null,null,null,null,null,null,null,null,null,null,null,null,null,null,null,null,null,null,null,null,null,null,-110,-110,null,null,null,null,null,null,null,+107,-107,null
"Im, Sungjae","McNealy, Maverick",void,r1 match-up,null,null,null,null,null,null,-105,-120,null,null,null,null,-105,-115,null,null,null,null,null,null,null,null,null,null,-105,-115,null,null,null,null,null,null,null,+112,-112,null
"Henley, Russell","Kim, Si Woo",void,r1 match-up,null,null,null,null,null,null,null,null,null,null,null,null,null,null,null,null,null,null,null,null,null,null,null,null,-125,+105,null,null,null,null,null,null,null,-111,+111,null
"Cantlay, Patrick","Straka, Sepp",void,r1 match-up,null,null,null,null,null,null,null,null,null,null,null,null,null,null,null,null,null,null,null,null,null,null,null,null,-115,-105,null,null,null,null,null,null,null,-102,+102,null
"Detry, Thomas","Pendrith, Taylor",void,r1 match-up,+101,-131,null,null,null,null,null,null,null,null,null,null,null,null,null,null,null,null,null,null,null,null,null,null,+113,-135,null,null,null,null,null,null,null,+123,-123,null
"Harman, Brian","Poston, J.T.",void,r1 match-up,null,null,null,null,null,null,null,null,null,null,null,null,null,null,null,null,null,null,null,null,null,null,null,null,-110,-110,null,null,null,null,null,null,null,+106,-106,null
"Fitzpatrick, Matt","Bhatia, Akshay",void,r1 match-up,null,null,null,null,null,null,null,null,null,null,null,null,null,null,null,null,null,null,null,null,null,null,null,null,+105,-125,null,null,null,null,null,null,null,+108,-108,null
"Lowry, Shane","Rai, Aaron",void,r1 match-up,null,null,null,null,null,null,-115,-110,null,null,null,null,-115,-110,null,null,null,null,null,null,null,null,null,null,+100,-120,null,null,null,null,null,null,null,+109,-109,null
"Spaun, J.J.","McCarthy, Denny",void,r1 match-up,null,null,null,null,null,null,null,null,null,null,null,null,null,null,null,null,null,null,null,null,null,null,null,null,-135,+113,null,null,null,null,null,null,null,-135,+135,null
"Thomas, Justin","Schauffele, Xander",void,r1 match-up,+114,-144,null,null,null,null,null,null,null,null,null,null,null,null,null,null,null,null,null,null,null,null,null,null,+113,-135,null,null,null,null,null,null,null,+117,-117,null
"Matsuyama, Hideki","Spieth, Jordan",void,r1 match-up,null,null,null,null,null,null,null,null,null,null,null,null,null,null,null,null,null,null,null,null,null,null,null,null,-115,-105,null,null,null,null,null,null,null,+105,-105,null
"Thomas, Justin","Morikawa, Collin",void,r1 match-up,null,null,null,null,null,null,+110,-140,null,null,null,null,+105,-140,null,null,null,null,null,null,null,null,null,null,null,null,null,null,null,null,null,null,null,+134,-134,null
"Scheffler, Scottie","Schauffele, Xander",void,r1 match-up,null,null,null,null,null,null,-210,+165,null,null,null,null,-200,+160,null,null,null,null,null,null,null,null,null,null,null,null,null,null,null,null,null,null,null,-191,+191,null
"Henley, Russell","Straka, Sepp",void,r1 match-up,null,null,null,null,null,null,-110,-115,null,null,null,null,-110,-115,null,null,null,null,null,null,null,null,null,null,null,null,null,null,null,null,null,null,null,+101,-101,null
"Spieth, Jordan","Pendrith, Taylor",void,r1 match-up,null,null,null,null,null,null,-120,-105,null,null,null,null,-115,-105,null,null,null,null,null,null,null,null,null,null,null,null,null,null,null,null,null,null,null,-106,+106,null
"Day, Jason","English, Harris",void,r1 match-up,null,null,null,null,null,null,-115,-110,null,null,null,null,-115,-110,null,null,null,null,null,null,null,null,null,null,null,null,null,null,null,null,null,null,null,-105,+105,null
"Fleetwood, Tommy","MacIntyre, Robert",void,r1 match-up,null,null,null,null,null,null,-120,-105,null,null,null,null,-120,-105,null,null,null,null,null,null,null,null,null,null,null,null,null,null,null,null,null,null,null,-114,+114,null
"Berger, Daniel","Burns, Sam",void,r1 match-up,null,null,null,null,null,null,+100,-130,null,null,null,null,-110,-115,null,null,null,null,null,null,null,null,null,null,null,null,null,null,null,null,null,null,null,-106,+106,null
"Scott, Adam","Finau, Tony",void,r1 match-up,null,null,null,null,null,null,-115,-110,null,null,null,null,-115,-110,null,null,null,null,null,null,null,null,null,null,null,null,null,null,null,null,null,null,null,+106,-106,null
"Kim, Si Woo","Griffin, Ben",void,r1 match-up,null,null,null,null,null,null,-105,-120,null,null,null,null,-105,-120,null,null,null,null,null,null,null,null,null,null,null,null,null,null,null,null,null,null,null,+110,-110,null
"Bradley, Keegan","Young, Cameron",void,r1 match-up,null,null,null,null,null,null,-140,+110,null,null,null,null,-140,+100,null,null,null,null,null,null,null,null,null,null,null,null,null,null,null,null,null,null,null,-144,+144,null
"Hovland, Viktor","Aberg, Ludvig",void,r1 match-up,null,null,null,null,null,null,-105,-120,null,null,null,null,-105,-120,null,null,null,null,null,null,null,null,null,null,null,null,null,null,null,null,null,null,null,-103,+103,null
"McIlroy, Rory","Cantlay, Patrick",void,r1 match-up,null,null,null,null,null,null,-130,+105,null,null,null,null,-140,+100,null,null,null,null,null,null,null,null,null,null,null,null,null,null,null,null,null,null,null,-110,+110,null
"Poston, J.T.","Bhatia, Akshay",void,r1 match-up,null,null,null,null,null,null,-115,-110,null,null,null,null,-115,-110,null,null,null,null,null,null,null,null,null,null,null,null,null,null,null,null,null,null,null,-105,+105,null
"Henley, Russell","Cantlay, Patrick",void,r1 match-up,-111,-119,null,null,null,null,null,null,null,null,null,null,null,null,null,null,null,null,null,null,null,null,null,null,null,null,null,null,null,null,null,null,null,+103,-103,null
"MacIntyre, Robert","Aberg, Ludvig",void,r1 match-up,-112,-118,null,null,null,null,null,null,null,null,null,null,null,null,null,null,null,null,null,null,null,null,null,null,null,null,null,null,null,null,null,null,null,-105,+105,null
"Kim, Si Woo","Im, Sungjae",void,r1 match-up,-123,-107,null,null,null,null,null,null,null,null,null,null,null,null,null,null,null,null,null,null,null,null,null,null,null,null,null,null,null,null,null,null,null,-115,+115,null
"English, Harris","Burns, Sam",void,r1 match-up,-105,-125,null,null,null,null,null,null,null,null,null,null,null,null,null,null,null,null,null,null,null,null,null,null,null,null,null,null,null,null,null,null,null,+107,-107,null
"Matsuyama, Hideki","Lowry, Shane",void,r1 match-up,-115,-115,null,null,null,null,null,null,null,null,null,null,null,null,null,null,null,null,null,null,null,null,null,null,null,null,null,null,null,null,null,null,null,+113,-113,null
"Spieth, Jordan","Spaun, J.J.",void,r1 match-up,-112,-118,null,null,null,null,null,null,null,null,null,null,null,null,null,null,null,null,null,null,null,null,null,null,null,null,null,null,null,null,null,null,null,+109,-109,null
"Finau, Tony","Kim, Tom",void,r1 match-up,-142,+112,null,null,null,null,null,null,null,null,null,null,null,null,null,null,null,null,null,null,null,null,null,null,null,null,null,null,null,null,null,null,null,-113,+113,null
"Fowler, Rickie","McNealy, Maverick",void,r1 match-up,-101,-129,null,null,null,null,null,null,null,null,null,null,null,null,null,null,null,null,null,null,null,null,null,null,null,null,null,null,null,null,null,null,null,+133,-133,null
"McCarthy, Denny","Poston, J.T.",void,r1 match-up,-101,-129,null,null,null,null,null,null,null,null,null,null,null,null,null,null,null,null,null,null,null,null,null,null,null,null,null,null,null,null,null,null,null,+118,-118,null
"Day, Jason","Thompson, Davis",void,r1 match-up,-130,+100,null,null,null,null,null,null,null,null,null,null,null,null,null,null,null,null,null,null,null,null,null,null,null,null,null,null,null,null,null,null,null,-108,+108,null
"Taylor, Nick","Cauley, Bud",void,r1 match-up,-133,+103,null,null,null,null,null,null,null,null,null,null,null,null,null,null,null,null,null,null,null,null,null,null,null,null,null,null,null,null,null,null,null,-108,+108,null
"Bezuidenhout, Christiaan","Hall, Harry",void,r1 match-up,-112,-118,null,null,null,null,null,null,null,null,null,null,null,null,null,null,null,null,null,null,null,null,null,null,null,null,null,null,null,null,null,null,null,+104,-104,null
"Hoge, Tom","Greyserman, Max",void,r1 match-up,-117,-113,null,null,null,null,null,null,null,null,null,null,null,null,null,null,null,null,null,null,null,null,null,null,null,null,null,null,null,null,null,null,null,-101,+101,null
"Glover, Lucas","Stevens, Sam",void,r1 match-up,-114,-116,null,null,null,null,null,null,null,null,null,null,null,null,null,null,null,null,null,null,null,null,null,null,null,null,null,null,null,null,null,null,null,+102,-102,null
"Hughes, Mackenzie","Lee, Min Woo",void,r1 match-up,-117,-113,null,null,null,null,null,null,null,null,null,null,null,null,null,null,null,null,null,null,null,null,null,null,null,null,null,null,null,null,null,null,null,-108,+108,null
"Novak, Andrew","Clanton, Luke",void,r1 match-up,-123,-107,null,null,null,null,null,null,null,null,null,null,null,null,null,null,null,null,null,null,null,null,null,null,null,null,null,null,null,null,null,null,null,-123,+123,null
"Kim, Michael","Gerard, Ryan",void,r1 match-up,-120,-110,null,null,null,null,null,null,null,null,null,null,null,null,null,null,null,null,null,null,null,null,null,null,null,null,null,null,null,null,null,null,null,+112,-112,null
"An, Byeong Hun","Clark, Wyndham",void,r1 match-up,-110,-120,null,null,null,null,null,null,null,null,null,null,null,null,null,null,null,null,null,null,null,null,null,null,null,null,null,null,null,null,null,null,null,+105,-105,null
"Yu, Kevin","Schmid, Matti",void,r1 match-up,-142,+112,null,null,null,null,null,null,null,null,null,null,null,null,null,null,null,null,null,null,null,null,null,null,null,null,null,null,null,null,null,null,null,-130,+130,null
"Noren, Alex","Cole, Eric",void,r1 match-up,-131,+101,null,null,null,null,null,null,null,null,null,null,null,null,null,null,null,null,null,null,null,null,null,null,null,null,null,null,null,null,null,null,null,-121,+121,null
"Jaeger, Stephan","Eckroat, Austin",void,r1 match-up,-121,-109,null,null,null,null,null,null,null,null,null,null,null,null,null,null,null,null,null,null,null,null,null,null,null,null,null,null,null,null,null,null,null,-101,+101,null
